country,1960,1961,1962,1963,1964,1965,1966,1967,1968,1969,1970,1971,1972,1973,1974,1975,1976,1977,1978,1979,1980,1981,1982,1983,1984,1985,1986,1987,1988,1989,1990,1991,1992,1993,1994,1995,1996,1997,1998,1999,2000,2001,2002,2003,2004,2005,2006,2007,2008,2009,2010,2011,2012,2013,2014,2015,2016,2017
Afghanistan,,,,,,,,,,,,,,,,,,,,,,,,,,,,,,,,,,,,,,,,,,,8010000000,8690000000,8780000000,9760000000,10300000000,11700000000,12100000000,14700000000,15900000000,16900000000,19400000000,20100000000,20600000000,20900000000,21400000000,22000000000
Albania,,,,,,,,,,,,,,,,,,,,,5640000000,5960000000,6140000000,6210000000,6130000000,6240000000,6590000000,6540000000,6450000000,7080000000,6400000000,4510000000,4180000000,4580000000,4970000000,5630000000,6140000000,5470000000,5970000000,6770000000,7220000000,7800000000,8130000000,8590000000,9090000000,9600000000,10100000000,10700000000,11100000000,11500000000,11900000000,12200000000,12400000000,12500000000,12800000000,13000000000,13500000000,14000000000
Algeria,27400000000,23700000000,19000000000,25600000000,27100000000,28700000000,27400000000,29900000000,33200000000,36000000000,39200000000,34700000000,44300000000,45900000000,49400000000,51900000000,56200000000,59200000000,64600000000,69500000000,70000000000,72100000000,76700000000,80900000000,85400000000,88600000000,88900000000,88300000000,87400000000,91300000000,92000000000,90900000000,92500000000,90600000000,89800000000,93200000000,97000000000,98100000000,1.03E+11,1.06E+11,1.1E+11,1.14E+11,1.2E+11,1.29E+11,1.34E+11,1.42E+11,1.45E+11,1.5E+11,1.53E+11,1.56E+11,1.61E+11,1.66E+11,1.71E+11,1.76E+11,1.83E+11,1.9E+11,1.96E+11,1.99E+11
Andorra,,,,,,,,,,,1020000000,1070000000,1160000000,1250000000,1320000000,1330000000,1370000000,1410000000,1430000000,1430000000,1460000000,1460000000,1480000000,1500000000,1530000000,1570000000,1620000000,1710000000,1790000000,1880000000,1950000000,2000000000,2020000000,2000000000,2050000000,2100000000,2200000000,2400000000,2480000000,2580000000,2670000000,2790000000,2970000000,3330000000,3590000000,3850000000,4030000000,4030000000,3680000000,3550000000,3360000000,3200000000,3150000000,3160000000,3230000000,3260000000,3320000000,3380000000
Angola,,,,,,,,,,,,,,,,,,,,,20800000000,19900000000,19900000000,20800000000,22000000000,22800000000,23400000000,24400000000,25900000000,25900000000,25000000000,25300000000,23800000000,18100000000,18300000000,21100000000,23900000000,25700000000,26900000000,27400000000,28300000000,29500000000,33500000000,35000000000,38600000000,46700000000,55600000000,68400000000,77900000000,79800000000,82500000000,85700000000,90200000000,96300000000,1.01E+11,1.04E+11,1.03E+11,1.04E+11
Antigua and Barbuda,,,,,,,,,,,,,,,,,,323000000,337000000,364000000,394000000,409000000,409000000,431000000,474000000,511000000,569000000,607000000,639000000,672000000,692000000,707000000,716000000,753000000,804000000,769000000,819000000,864000000,905000000,939000000,1000000000,952000000,962000000,1020000000,1080000000,1150000000,1290000000,1410000000,1410000000,1240000000,1150000000,1130000000,1170000000,1170000000,1230000000,1280000000,1340000000,1390000000
Argentina,1.16E+11,1.22E+11,1.21E+11,1.14E+11,1.26E+11,1.39E+11,1.38E+11,1.43E+11,1.5E+11,1.64E+11,1.69E+11,1.79E+11,1.82E+11,1.87E+11,1.97E+11,1.97E+11,1.93E+11,2.06E+11,1.97E+11,2.17E+11,2.26E+11,2.13E+11,2.03E+11,2.11E+11,2.15E+11,1.99E+11,2.15E+11,2.21E+11,2.15E+11,1.99E+11,1.94E+11,2.19E+11,2.45E+11,2.6E+11,2.75E+11,2.67E+11,2.82E+11,3.05E+11,3.16E+11,3.06E+11,3.03E+11,2.9E+11,2.58E+11,2.81E+11,3.06E+11,3.34E+11,3.6E+11,3.93E+11,4.09E+11,3.85E+11,4.24E+11,4.49E+11,4.44E+11,4.55E+11,4.44E+11,4.56E+11,4.48E+11,4.6E+11
Armenia,,,,,,,,,,,,,,,,,,,,,,,,,,,,,,,6360000000,5610000000,3270000000,2980000000,3140000000,3360000000,3550000000,3670000000,3940000000,4070000000,4310000000,4720000000,5350000000,6100000000,6730000000,7670000000,8680000000,9870000000,10600000000,9060000000,9260000000,9700000000,10400000000,10700000000,11100000000,11500000000,11500000000,12400000000
Australia,1.99E+11,2.04E+11,2.07E+11,2.2E+11,2.35E+11,2.49E+11,2.55E+11,2.71E+11,2.85E+11,3.05E+11,3.27E+11,3.4E+11,3.53E+11,3.62E+11,3.77E+11,3.82E+11,3.92E+11,4.06E+11,4.1E+11,4.27E+11,4.4E+11,4.54E+11,4.69E+11,4.59E+11,4.8E+11,5.05E+11,5.26E+11,5.39E+11,5.69E+11,5.91E+11,6.13E+11,6.1E+11,6.13E+11,6.38E+11,6.63E+11,6.88E+11,7.15E+11,7.43E+11,7.78E+11,8.17E+11,8.49E+11,8.65E+11,9E+11,9.27E+11,9.64E+11,9.94E+11,1.02E+12,1.06E+12,1.1E+12,1.12E+12,1.14E+12,1.17E+12,1.22E+12,1.25E+12,1.28E+12,1.31E+12,1.35E+12,1.38E+12
Austria,91800000000,96900000000,99500000000,1.04E+11,1.1E+11,1.14E+11,1.2E+11,1.24E+11,1.29E+11,1.37E+11,1.46E+11,1.54E+11,1.63E+11,1.71E+11,1.78E+11,1.77E+11,1.85E+11,1.95E+11,1.94E+11,2.05E+11,2.08E+11,2.08E+11,2.12E+11,2.19E+11,2.19E+11,2.24E+11,2.29E+11,2.32E+11,2.4E+11,2.49E+11,2.6E+11,2.69E+11,2.75E+11,2.76E+11,2.83E+11,2.9E+11,2.97E+11,3.03E+11,3.14E+11,3.26E+11,3.36E+11,3.41E+11,3.46E+11,3.5E+11,3.59E+11,3.67E+11,3.8E+11,3.94E+11,4E+11,3.85E+11,3.92E+11,4.03E+11,4.06E+11,4.06E+11,4.1E+11,4.14E+11,4.2E+11,4.33E+11
Azerbaijan,,,,,,,,,,,,,,,,,,,,,,,,,,,,,,,22300000000,22200000000,17200000000,13200000000,10600000000,9350000000,9470000000,10000000000,11000000000,11800000000,13100000000,14400000000,16000000000,17800000000,19600000000,24800000000,33300000000,41600000000,46100000000,50500000000,52900000000,52900000000,54100000000,57200000000,58400000000,59000000000,57200000000,57300000000
Bahamas,1940000000,2150000000,2370000000,2620000000,2900000000,3200000000,3490000000,3830000000,4150000000,4520000000,4270000000,4340000000,4190000000,4500000000,3750000000,3190000000,3360000000,3670000000,4190000000,5280000000,5620000000,5100000000,5450000000,5640000000,6440000000,6750000000,6870000000,7080000000,7240000000,7730000000,7610000000,7290000000,7010000000,7030000000,7250000000,7570000000,7890000000,8050000000,8430000000,9030000000,9410000000,9660000000,9920000000,9790000000,9880000000,10200000000,10500000000,10600000000,10400000000,9940000000,10100000000,10200000000,10500000000,10400000000,10400000000,10500000000,10300000000,10500000000
Bahrain,,,,,,,,,,,,,,,,,,,,,7620000000,7220000000,6670000000,7100000000,7450000000,7100000000,7180000000,7930000000,8490000000,8520000000,8890000000,9890000000,10600000000,11900000000,11900000000,12400000000,12900000000,13300000000,13900000000,14500000000,15300000000,15600000000,16200000000,17200000000,18400000000,19600000000,20900000000,22600000000,24000000000,24600000000,25700000000,26200000000,27200000000,28700000000,29900000000,30800000000,31800000000,33000000000
Bangladesh,17900000000,18900000000,20000000000,19900000000,22100000000,22400000000,23000000000,22600000000,24700000000,25000000000,26400000000,25000000000,21500000000,22200000000,24300000000,23300000000,24600000000,25300000000,27100000000,28400000000,28600000000,30700000000,31400000000,32600000000,34100000000,35300000000,36700000000,38100000000,39100000000,40200000000,42400000000,43900000000,46300000000,48500000000,50400000000,52900000000,55300000000,57800000000,60800000000,63600000000,67000000000,70400000000,73100000000,76600000000,80600000000,85900000000,91600000000,98100000000,1.04E+11,1.09E+11,1.15E+11,1.23E+11,1.31E+11,1.39E+11,1.47E+11,1.57E+11,1.68E+11,1.8E+11
Barbados,,,,,,,,,,,,,,,2650000000,2600000000,2720000000,2820000000,2950000000,3190000000,3330000000,3260000000,3100000000,3120000000,3230000000,3270000000,3430000000,3520000000,3650000000,3780000000,3650000000,3510000000,3270000000,3300000000,3430000000,3500000000,3640000000,3810000000,3950000000,3970000000,4060000000,3960000000,3990000000,4080000000,4140000000,4300000000,4550000000,4630000000,4630000000,4450000000,4460000000,4490000000,4510000000,4510000000,4510000000,4550000000,4640000000,4720000000
Belarus,,,,,,,,,,,,,,,,,,,,,,,,,,,,,,,31600000000,31200000000,28200000000,26100000000,23000000000,20600000000,21200000000,23600000000,25600000000,26500000000,28000000000,29400000000,30800000000,33000000000,36800000000,40200000000,44300000000,48100000000,53000000000,53100000000,57200000000,60400000000,61400000000,62100000000,63100000000,60700000000,59200000000,60600000000
Belgium,1.21E+11,1.27E+11,1.33E+11,1.39E+11,1.49E+11,1.54E+11,1.59E+11,1.65E+11,1.72E+11,1.84E+11,1.94E+11,2.02E+11,2.12E+11,2.26E+11,2.36E+11,2.31E+11,2.44E+11,2.46E+11,2.53E+11,2.59E+11,2.7E+11,2.7E+11,2.71E+11,2.72E+11,2.79E+11,2.83E+11,2.89E+11,2.95E+11,3.09E+11,3.2E+11,3.3E+11,3.36E+11,3.41E+11,3.38E+11,3.49E+11,3.57E+11,3.63E+11,3.76E+11,3.84E+11,3.97E+11,4.12E+11,4.15E+11,4.23E+11,4.26E+11,4.41E+11,4.51E+11,4.62E+11,4.78E+11,4.81E+11,4.71E+11,4.84E+11,4.92E+11,4.93E+11,4.94E+11,5.01E+11,5.08E+11,5.15E+11,5.24E+11
Belize,98700000,104000000,109000000,114000000,120000000,126000000,132000000,138000000,148000000,156000000,163000000,170000000,187000000,197000000,224000000,232000000,232000000,247000000,266000000,286000000,330000000,334000000,333000000,326000000,333000000,336000000,352000000,391000000,427000000,483000000,534000000,590000000,661000000,703000000,704000000,709000000,719000000,744000000,772000000,840000000,949000000,997000000,1050000000,1150000000,1200000000,1230000000,1290000000,1300000000,1340000000,1350000000,1400000000,1430000000,1480000000,1490000000,1550000000,1610000000,1600000000,1620000000
Benin,1270000000,1310000000,1260000000,1320000000,1410000000,1480000000,1540000000,1550000000,1610000000,1660000000,1690000000,1670000000,1770000000,1840000000,1900000000,1810000000,1820000000,1920000000,1940000000,2070000000,2210000000,2430000000,2480000000,2370000000,2560000000,2750000000,2810000000,2770000000,2870000000,2780000000,3030000000,3160000000,3260000000,3450000000,3510000000,3730000000,3890000000,4110000000,4270000000,4500000000,4770000000,5020000000,5250000000,5430000000,5680000000,5770000000,6000000000,6360000000,6670000000,6830000000,6970000000,7180000000,7520000000,8060000000,8580000000,8760000000,9100000000,9610000000
Bhutan,,,,,,,,,,,,,,,,,,,,,165000000,188000000,195000000,217000000,226000000,236000000,263000000,339000000,356000000,382000000,424000000,422000000,442000000,451000000,473000000,506000000,534000000,563000000,596000000,644000000,689000000,745000000,825000000,888000000,941000000,1010000000,1080000000,1270000000,1330000000,1420000000,1590000000,1710000000,1800000000,1840000000,1940000000,2070000000,2230000000,2390000000
Bolivia,4820000000,4920000000,5190000000,5530000000,5790000000,6120000000,6510000000,6960000000,6120000000,6310000000,6280000000,6590000000,7120000000,7530000000,7750000000,8310000000,8700000000,9130000000,9320000000,9330000000,9200000000,9230000000,8860000000,8510000000,8490000000,8350000000,8130000000,8330000000,8570000000,8900000000,9310000000,9800000000,9960000000,10400000000,10900000000,11400000000,11900000000,12500000000,13100000000,13200000000,13500000000,13700000000,14000000000,14400000000,15000000000,15700000000,16400000000,17200000000,18300000000,18900000000,19600000000,20700000000,21700000000,23200000000,24500000000,25700000000,26800000000,27900000000
Bosnia and Herzegovina,,,,,,,,,,,,,,,,,,,,,,,,,,,,,,,,,,,2760000000,3330000000,6300000000,8460000000,9780000000,10700000000,11300000000,11800000000,12400000000,12900000000,13700000000,14900000000,15700000000,16600000000,17600000000,17000000000,17200000000,17300000000,17200000000,17600000000,17800000000,18400000000,18900000000,19500000000
Botswana,205000000,218000000,233000000,246000000,263000000,278000000,296000000,314000000,347000000,399000000,468000000,588000000,743000000,902000000,981000000,1060000000,1180000000,1320000000,1510000000,1690000000,1890000000,2070000000,2320000000,2620000000,2850000000,3050000000,3300000000,3690000000,4410000000,4980000000,5320000000,5720000000,5880000000,5990000000,6210000000,6650000000,7040000000,7600000000,7660000000,8400000000,8560000000,8580000000,9110000000,9530000000,9790000000,10200000000,11100000000,12000000000,12800000000,11800000000,12800000000,13600000000,14200000000,15800000000,16400000000,16100000000,16800000000,17200000000
Brazil,2.47E+11,2.73E+11,2.87E+11,2.89E+11,3E+11,3.09E+11,3.22E+11,3.37E+11,3.76E+11,4.13E+11,4.49E+11,4.99E+11,5.6E+11,6.38E+11,6.95E+11,7.32E+11,8.03E+11,8.4E+11,8.67E+11,9.26E+11,1.01E+12,9.66E+11,9.72E+11,9.39E+11,9.88E+11,1.07E+12,1.15E+12,1.19E+12,1.19E+12,1.23E+12,1.19E+12,1.21E+12,1.21E+12,1.26E+12,1.33E+12,1.39E+12,1.42E+12,1.47E+12,1.47E+12,1.48E+12,1.54E+12,1.56E+12,1.61E+12,1.63E+12,1.72E+12,1.77E+12,1.85E+12,1.96E+12,2.06E+12,2.05E+12,2.21E+12,2.3E+12,2.34E+12,2.41E+12,2.42E+12,2.34E+12,2.26E+12,2.28E+12
Brunei,,,,,,,,,,,,,,,7080000000,7100000000,8530000000,9460000000,10100000000,12400000000,11500000000,9240000000,9600000000,9650000000,9710000000,9560000000,9300000000,9490000000,9590000000,9490000000,9590000000,9900000000,10400000000,10400000000,10700000000,11200000000,11500000000,11400000000,11300000000,11600000000,12000000000,12300000000,12800000000,13100000000,13200000000,13300000000,13800000000,13900000000,13600000000,13400000000,13700000000,14200000000,14400000000,14000000000,13700000000,13600000000,13300000000,13500000000
Bulgaria,,,,,,,,,,,,,,,,,,,,,28600000000,30000000000,30700000000,31700000000,32800000000,33700000000,35100000000,37200000000,41300000000,39900000000,36300000000,33200000000,30800000000,30400000000,30900000000,31800000000,32000000000,31700000000,32800000000,30800000000,32300000000,33500000000,35500000000,37400000000,39800000000,42600000000,45500000000,48900000000,51800000000,49900000000,50600000000,51600000000,51600000000,52000000000,52700000000,54600000000,56800000000,58800000000
Burkina Faso,1150000000,1200000000,1270000000,1260000000,1290000000,1330000000,1340000000,1460000000,1510000000,1540000000,1540000000,1560000000,1600000000,1600000000,1740000000,1790000000,1940000000,1950000000,2040000000,2110000000,2130000000,2220000000,2430000000,2440000000,2400000000,2600000000,2810000000,2800000000,2960000000,3030000000,3010000000,3280000000,3290000000,3400000000,3450000000,3640000000,4050000000,4300000000,4610000000,4960000000,5050000000,5380000000,5610000000,6050000000,6320000000,6870000000,7300000000,7710000000,8280000000,8520000000,8980000000,9580000000,10200000000,10800000000,11200000000,11700000000,12400000000,13200000000
Burundi,597000000,515000000,561000000,584000000,621000000,646000000,676000000,769000000,767000000,755000000,917000000,942000000,881000000,942000000,935000000,942000000,1020000000,1130000000,1120000000,1140000000,1150000000,1290000000,1280000000,1330000000,1330000000,1490000000,1530000000,1620000000,1700000000,1720000000,1780000000,1870000000,1890000000,1770000000,1700000000,1570000000,1440000000,1420000000,1490000000,1470000000,1460000000,1490000000,1560000000,1540000000,1610000000,1630000000,1710000000,1800000000,1890000000,1950000000,2030000000,2110000000,2200000000,2300000000,2400000000,2310000000,2300000000,2310000000
Cambodia,,,,,,,,,,,,,,,,,,,,,,,,,,,,,,,,,,5080000000,3310000000,3640000000,3860000000,4010000000,4200000000,4730000000,5240000000,5630000000,6000000000,6510000000,7190000000,8140000000,9010000000,9940000000,10600000000,10600000000,11200000000,12000000000,12900000000,13900000000,14900000000,15900000000,17000000000,18200000000
Cameroon,4950000000,5010000000,5160000000,5360000000,5540000000,5660000000,5920000000,5270000000,5610000000,5880000000,6060000000,6270000000,6440000000,6790000000,7520000000,8360000000,7900000000,8990000000,11000000000,11600000000,11400000000,13300000000,14300000000,15300000000,16500000000,17800000000,19000000000,18600000000,17200000000,16800000000,15800000000,15200000000,14700000000,13600000000,13900000000,14300000000,15000000000,15700000000,16500000000,17200000000,17800000000,18500000000,19300000000,20200000000,21600000000,22000000000,22800000000,23900000000,24700000000,25300000000,26100000000,27200000000,28500000000,30000000000,31800000000,33600000000,35100000000,36200000000
Canada,3.16E+11,3.26E+11,3.5E+11,3.68E+11,3.92E+11,4.18E+11,4.46E+11,4.59E+11,4.83E+11,5.09E+11,5.25E+11,5.47E+11,5.77E+11,6.17E+11,6.4E+11,6.51E+11,6.85E+11,7.09E+11,7.37E+11,7.65E+11,7.81E+11,8.09E+11,7.83E+11,8.03E+11,8.51E+11,8.91E+11,9.1E+11,9.48E+11,9.9E+11,1.01E+12,1.01E+12,9.93E+11,1E+12,1.03E+12,1.07E+12,1.1E+12,1.12E+12,1.17E+12,1.21E+12,1.28E+12,1.34E+12,1.37E+12,1.41E+12,1.43E+12,1.48E+12,1.52E+12,1.56E+12,1.6E+12,1.61E+12,1.57E+12,1.61E+12,1.66E+12,1.69E+12,1.74E+12,1.78E+12,1.8E+12,1.83E+12,1.88E+12
Cape Verde,,,,,,,,,,,,,,,,,,,,,193000000,209000000,215000000,236000000,245000000,266000000,274000000,285000000,303000000,320000000,322000000,327000000,362000000,394000000,469000000,536000000,597000000,663000000,746000000,830000000,948000000,970000000,1020000000,1060000000,1170000000,1250000000,1350000000,1560000000,1660000000,1640000000,1660000000,1730000000,1750000000,1760000000,1770000000,1790000000,1860000000,1930000000
Central African Republic,905000000,950000000,914000000,908000000,927000000,936000000,942000000,986000000,1000000000,1070000000,1100000000,1110000000,1110000000,1130000000,1200000000,1210000000,1270000000,1320000000,1330000000,1300000000,1240000000,1220000000,1320000000,1210000000,1330000000,1380000000,1430000000,1360000000,1380000000,1410000000,1380000000,1370000000,1280000000,1290000000,1350000000,1450000000,1390000000,1460000000,1530000000,1590000000,1550000000,1620000000,1670000000,1580000000,1680000000,1690000000,1770000000,1860000000,1890000000,1930000000,1990000000,2050000000,2140000000,1350000000,1370000000,1430000000,1500000000,1560000000
Chad,2090000000,2120000000,2230000000,2200000000,2140000000,2150000000,2120000000,2130000000,2120000000,2270000000,2310000000,2260000000,2280000000,2090000000,2200000000,2400000000,2470000000,2520000000,2510000000,1970000000,1850000000,1870000000,1970000000,2280000000,2330000000,2830000000,2720000000,2650000000,3070000000,3210000000,3080000000,3340000000,3610000000,3040000000,3350000000,3390000000,3470000000,3660000000,3920000000,3890000000,3860000000,4310000000,4670000000,5360000000,7170000000,8410000000,8460000000,8740000000,9010000000,9390000000,10700000000,10700000000,11600000000,12300000000,13100000000,13500000000,12600000000,12300000000
Chile,29400000000,30900000000,32200000000,34000000000,34900000000,35200000000,39200000000,40600000000,42100000000,43700000000,44500000000,48700000000,48200000000,45800000000,46900000000,40800000000,42400000000,46800000000,50400000000,54700000000,59100000000,62900000000,56000000000,53200000000,55400000000,57600000000,60700000000,64600000000,69300000000,76200000000,78800000000,84900000000,94400000000,1.01E+11,1.06E+11,1.15E+11,1.23E+11,1.32E+11,1.38E+11,1.37E+11,1.45E+11,1.49E+11,1.54E+11,1.6E+11,1.72E+11,1.82E+11,1.93E+11,2.03E+11,2.1E+11,2.06E+11,2.19E+11,2.32E+11,2.44E+11,2.54E+11,2.59E+11,2.65E+11,2.68E+11,2.72E+11
China,1.28E+11,93000000000,87900000000,96900000000,1.15E+11,1.34E+11,1.48E+11,1.4E+11,1.34E+11,1.57E+11,1.87E+11,2E+11,2.08E+11,2.24E+11,2.29E+11,2.49E+11,2.45E+11,2.64E+11,2.94E+11,3.17E+11,3.41E+11,3.59E+11,3.91E+11,4.33E+11,4.99E+11,5.66E+11,6.17E+11,6.89E+11,7.66E+11,7.98E+11,8.3E+11,9.07E+11,1.04E+12,1.18E+12,1.33E+12,1.48E+12,1.63E+12,1.78E+12,1.92E+12,2.06E+12,2.24E+12,2.42E+12,2.64E+12,2.91E+12,3.2E+12,3.57E+12,4.02E+12,4.6E+12,5.04E+12,5.51E+12,6.1E+12,6.68E+12,7.21E+12,7.77E+12,8.33E+12,8.91E+12,9.51E+12,1.02E+13
Colombia,36500000000,38400000000,40500000000,41700000000,44400000000,45800000000,48200000000,50200000000,53400000000,56900000000,60900000000,64500000000,69500000000,74100000000,78400000000,80200000000,84000000000,87500000000,94900000000,1E+11,1.04E+11,1.06E+11,1.07E+11,1.09E+11,1.13E+11,1.16E+11,1.23E+11,1.3E+11,1.35E+11,1.4E+11,1.48E+11,1.51E+11,1.59E+11,1.63E+11,1.72E+11,1.81E+11,1.85E+11,1.91E+11,1.92E+11,1.84E+11,1.92E+11,1.96E+11,2.01E+11,2.08E+11,2.2E+11,2.3E+11,2.45E+11,2.62E+11,2.72E+11,2.76E+11,2.87E+11,3.06E+11,3.18E+11,3.34E+11,3.48E+11,3.59E+11,3.66E+11,3.73E+11
Comoros,,,,,,,,,,,,,,,,,,,,,269000000,279000000,297000000,311000000,324000000,331000000,338000000,343000000,352000000,341000000,359000000,339000000,368000000,379000000,359000000,372000000,367000000,382000000,387000000,395000000,437000000,448000000,458000000,468000000,477000000,490000000,503000000,507000000,509000000,519000000,530000000,544000000,561000000,580000000,592000000,598000000,611000000,627000000
"Congo, Dem. Rep.",15800000000,14100000000,17100000000,18000000000,17600000000,17700000000,18900000000,18800000000,19600000000,21400000000,21300000000,22600000000,22700000000,24500000000,25300000000,24000000000,22700000000,22900000000,21700000000,21800000000,22300000000,22800000000,22700000000,23000000000,24300000000,24400000000,25500000000,26200000000,26300000000,26000000000,24300000000,22300000000,19900000000,17200000000,16600000000,16700000000,16500000000,15600000000,15300000000,14700000000,13700000000,13400000000,13800000000,14500000000,15500000000,16500000000,17300000000,18400000000,19600000000,20100000000,21600000000,23000000000,24700000000,26800000000,29300000000,31300000000,32100000000,33300000000
"Congo, Rep.",1480000000,1610000000,1690000000,1620000000,1680000000,1750000000,1770000000,1810000000,1950000000,2090000000,2230000000,2400000000,2600000000,2820000000,3040000000,3280000000,3310000000,3010000000,3200000000,3520000000,4140000000,4870000000,6010000000,6370000000,6810000000,6730000000,6270000000,6280000000,6390000000,6560000000,6620000000,6780000000,6960000000,6890000000,6510000000,6770000000,7060000000,7020000000,7280000000,7090000000,7630000000,7920000000,8280000000,8350000000,8640000000,9310000000,9890000000,9730000000,10300000000,11000000000,12000000000,12400000000,12900000000,13300000000,14200000000,14600000000,14200000000,13600000000
Costa Rica,3810000000,3770000000,4080000000,4270000000,4450000000,4890000000,5270000000,5570000000,6040000000,6380000000,6850000000,7320000000,7920000000,8530000000,9000000000,9190000000,9700000000,10600000000,11200000000,11800000000,11900000000,11600000000,10800000000,11100000000,11700000000,11900000000,12600000000,13400000000,13900000000,14600000000,15200000000,15600000000,17000000000,18200000000,19100000000,19800000000,20100000000,21200000000,22700000000,23600000000,24500000000,25300000000,26100000000,27300000000,28400000000,29500000000,31700000000,34300000000,35900000000,35500000000,37300000000,38900000000,40700000000,41700000000,43100000000,44700000000,46600000000,48000000000
Cote d'Ivoire,4290000000,4720000000,4770000000,5470000000,6430000000,6230000000,6950000000,7270000000,8180000000,8960000000,9890000000,10800000000,11300000000,12000000000,12500000000,13500000000,15200000000,16400000000,18100000000,18600000000,16500000000,17100000000,17200000000,16500000000,16000000000,16800000000,17300000000,17300000000,17400000000,18000000000,17800000000,17800000000,17700000000,17700000000,17800000000,19100000000,20600000000,21400000000,22400000000,22800000000,22300000000,22300000000,22000000000,21700000000,21900000000,22300000000,22600000000,23000000000,23600000000,24400000000,24900000000,23800000000,26300000000,28700000000,31200000000,34000000000,36800000000,39700000000
Croatia,,,,,,,,,,,,,,,,,,,,,,,,,,,,,,,,,,,,39600000000,41900000000,44700000000,45500000000,45100000000,46800000000,48400000000,50900000000,53800000000,55900000000,58300000000,61100000000,64200000000,65500000000,60700000000,59800000000,59600000000,58300000000,57900000000,57900000000,59200000000,61100000000,62800000000
Cuba,,,,,,,,,,,19600000000,21300000000,22300000000,23100000000,23300000000,25500000000,26900000000,29200000000,31200000000,31500000000,30000000000,35900000000,39100000000,41200000000,44500000000,45200000000,45200000000,44100000000,45800000000,46100000000,44700000000,39900000000,35300000000,30100000000,30300000000,31000000000,33400000000,34400000000,34400000000,36600000000,38700000000,40000000000,40500000000,42100000000,44500000000,49500000000,55500000000,59500000000,61900000000,62800000000,64300000000,66100000000,68100000000,70000000000,70700000000,73900000000,,
Cyprus,,,,,,,,,,,,,,,,3820000000,4600000000,5350000000,5770000000,6340000000,6700000000,6870000000,7280000000,7690000000,8360000000,8770000000,9100000000,9740000000,10600000000,11400000000,12300000000,12400000000,13500000000,13600000000,14400000000,15600000000,15800000000,16300000000,17100000000,17900000000,19000000000,19600000000,20300000000,20800000000,21800000000,22600000000,23600000000,24700000000,25700000000,25200000000,25600000000,25600000000,24900000000,23400000000,23100000000,23500000000,24300000000,25300000000
Czech Republic,,,,,,,,,,,,,,,,,,,,,,,,,,,,,,,1.45E+11,1.28E+11,1.27E+11,1.27E+11,1.31E+11,1.39E+11,1.45E+11,1.44E+11,1.44E+11,1.46E+11,1.52E+11,1.56E+11,1.59E+11,1.65E+11,1.73E+11,1.84E+11,1.97E+11,2.08E+11,2.13E+11,2.03E+11,2.07E+11,2.11E+11,2.09E+11,2.08E+11,2.14E+11,2.25E+11,2.31E+11,2.41E+11
Denmark,96500000000,1.03E+11,1.08E+11,1.09E+11,1.19E+11,1.25E+11,1.28E+11,1.33E+11,1.38E+11,1.47E+11,1.51E+11,1.55E+11,1.61E+11,1.68E+11,1.66E+11,1.63E+11,1.73E+11,1.76E+11,1.8E+11,1.87E+11,1.86E+11,1.85E+11,1.92E+11,1.97E+11,2.05E+11,2.13E+11,2.24E+11,2.24E+11,2.24E+11,2.26E+11,2.29E+11,2.32E+11,2.37E+11,2.37E+11,2.5E+11,2.57E+11,2.65E+11,2.73E+11,2.79E+11,2.87E+11,2.98E+11,3.01E+11,3.02E+11,3.03E+11,3.11E+11,3.19E+11,3.31E+11,3.34E+11,3.32E+11,3.16E+11,3.22E+11,3.26E+11,3.27E+11,3.3E+11,3.35E+11,3.41E+11,3.48E+11,3.55E+11
Djibouti,,,,,,,,,,,,,,,,,,,,,,,,,,,,,,,,,,,,,,,,,,,,,,,,,,,1130000000,,,,,,,
Dominica,,,,,,,,,,,,,,,,,,185000000,207000000,169000000,193000000,216000000,225000000,231000000,243000000,247000000,264000000,284000000,308000000,307000000,324000000,326000000,332000000,338000000,343000000,349000000,359000000,364000000,382000000,385000000,386000000,388000000,381000000,410000000,424000000,423000000,436000000,463000000,496000000,491000000,494000000,493000000,487000000,484000000,506000000,493000000,506000000,485000000
Dominican Republic,4370000000,4270000000,5000000000,5320000000,5680000000,4970000000,5640000000,5830000000,5840000000,6480000000,7660000000,8500000000,9380000000,10600000000,11200000000,11800000000,12600000000,13200000000,13500000000,14100000000,15200000000,15900000000,16200000000,16900000000,17100000000,16800000000,17400000000,19100000000,19500000000,20400000000,19300000000,19500000000,21600000000,23200000000,23800000000,25200000000,26700000000,29100000000,31000000000,32900000000,34400000000,35200000000,36800000000,36300000000,37300000000,40800000000,44500000000,47800000000,49400000000,49800000000,54000000000,55700000000,57200000000,60000000000,64600000000,69100000000,73700000000,77000000000
Ecuador,10200000000,10400000000,10800000000,11300000000,12100000000,12700000000,12700000000,13200000000,13500000000,14100000000,15100000000,16000000000,16900000000,19200000000,21400000000,23700000000,25500000000,25900000000,27300000000,28400000000,29400000000,31100000000,31300000000,31100000000,32000000000,33200000000,34400000000,34300000000,36300000000,36700000000,38000000000,39700000000,40500000000,41300000000,43000000000,44000000000,44800000000,46700000000,48200000000,46000000000,46500000000,48300000000,50300000000,51700000000,55900000000,58900000000,61500000000,62800000000,66800000000,67200000000,69600000000,75000000000,79300000000,83200000000,86300000000,86400000000,85100000000,87600000000
Egypt,17000000000,17800000000,19000000000,20700000000,22400000000,23600000000,23800000000,24000000000,24600000000,26300000000,27800000000,28700000000,29300000000,29500000000,30200000000,33000000000,37800000000,42600000000,45100000000,47800000000,52600000000,54600000000,60000000000,64400000000,68300000000,72800000000,74800000000,76700000000,80700000000,84700000000,89600000000,90500000000,94500000000,97300000000,1.01E+11,1.06E+11,1.11E+11,1.17E+11,1.22E+11,1.29E+11,1.36E+11,1.41E+11,1.45E+11,1.49E+11,1.55E+11,1.62E+11,1.73E+11,1.86E+11,1.99E+11,2.08E+11,2.19E+11,2.23E+11,2.28E+11,2.33E+11,2.39E+11,2.5E+11,2.61E+11,2.72E+11
El Salvador,,,,,,7580000000,8120000000,8560000000,8840000000,9150000000,9420000000,9790000000,10400000000,10900000000,11500000000,11800000000,12400000000,13200000000,13900000000,13400000000,11800000000,10600000000,9890000000,10000000000,10200000000,10200000000,10300000000,10500000000,10700000000,10800000000,11300000000,11500000000,12300000000,13000000000,13600000000,14300000000,14400000000,14900000000,15300000000,15600000000,15800000000,15900000000,16200000000,16400000000,16600000000,17000000000,17700000000,18100000000,18500000000,18100000000,18400000000,19200000000,19700000000,20200000000,20600000000,21000000000,21600000000,22100000000
Equatorial Guinea,,,,,,,,,,,,,,,,,,,,,165000000,174000000,178000000,187000000,189000000,213000000,208000000,218000000,223000000,221000000,217000000,215000000,289000000,321000000,375000000,440000000,733000000,1830000000,2270000000,2850000000,3370000000,5500000000,6580000000,7490000000,10300000000,12100000000,13000000000,15000000000,17700000000,17900000000,16300000000,17400000000,18800000000,18000000000,18100000000,16500000000,15000000000,14600000000
Eritrea,,,,,,,,,,,,,,,,,,,,,,,,,,,,,,,,,1180000000,1340000000,1620000000,1670000000,1820000000,1970000000,2000000000,2000000000,1940000000,2110000000,2170000000,2110000000,2150000000,2200000000,2180000000,2210000000,1990000000,2070000000,2120000000,2300000000,,,,,,
Estonia,,,,,,,,,,,,,,,,,,,,,,,,,,,,,,,,,,,,10500000000,11100000000,12400000000,12900000000,12800000000,14100000000,15000000000,15900000000,17100000000,18200000000,19900000000,21900000000,23600000000,22400000000,19100000000,19500000000,21000000000,21900000000,22300000000,22900000000,23300000000,23800000000,25000000000
Ethiopia,,,,,,,,,,,,,,,,,,,,,,8230000000,8300000000,8990000000,8730000000,7760000000,8510000000,9690000000,9740000000,9700000000,9960000000,9250000000,8450000000,9560000000,9870000000,10500000000,11800000000,12100000000,11700000000,12300000000,13100000000,14200000000,14400000000,14100000000,16000000000,17900000000,19800000000,22100000000,24400000000,26600000000,29900000000,33300000000,36200000000,40000000000,44100000000,48700000000,52300000000,57700000000
Fiji,698000000,722000000,749000000,796000000,835000000,812000000,812000000,921000000,994000000,1020000000,1150000000,1230000000,1320000000,1470000000,1510000000,1520000000,1560000000,1650000000,1680000000,1890000000,1860000000,1980000000,1860000000,1790000000,1940000000,1850000000,1990000000,1860000000,1880000000,2020000000,2130000000,2070000000,2200000000,2250000000,2360000000,2420000000,2540000000,2480000000,2510000000,2740000000,2690000000,2740000000,2830000000,2860000000,3010000000,3030000000,3090000000,3060000000,3090000000,3050000000,3140000000,3230000000,3270000000,3430000000,3620000000,3760000000,3770000000,3910000000
Finland,54000000000,58100000000,59900000000,61800000000,65100000000,68500000000,70100000000,71700000000,73300000000,80300000000,84600000000,86600000000,93300000000,99800000000,1.03E+11,1.05E+11,1.05E+11,1.06E+11,1.09E+11,1.16E+11,1.23E+11,1.24E+11,1.28E+11,1.32E+11,1.36E+11,1.41E+11,1.45E+11,1.5E+11,1.58E+11,1.66E+11,1.67E+11,1.57E+11,1.52E+11,1.51E+11,1.57E+11,1.63E+11,1.69E+11,1.8E+11,1.9E+11,1.98E+11,2.09E+11,2.15E+11,2.18E+11,2.23E+11,2.31E+11,2.38E+11,2.48E+11,2.6E+11,2.62E+11,2.41E+11,2.48E+11,2.54E+11,2.51E+11,2.49E+11,2.47E+11,2.47E+11,2.53E+11,2.59E+11
France,6.08E+11,6.42E+11,6.84E+11,7.21E+11,7.68E+11,8.05E+11,8.47E+11,8.86E+11,9.24E+11,9.89E+11,1.04E+12,1.1E+12,1.15E+12,1.22E+12,1.27E+12,1.26E+12,1.32E+12,1.36E+12,1.42E+12,1.47E+12,1.49E+12,1.51E+12,1.54E+12,1.56E+12,1.59E+12,1.61E+12,1.65E+12,1.69E+12,1.77E+12,1.85E+12,1.9E+12,1.92E+12,1.95E+12,1.94E+12,1.99E+12,2.03E+12,2.06E+12,2.11E+12,2.18E+12,2.26E+12,2.34E+12,2.39E+12,2.42E+12,2.44E+12,2.5E+12,2.54E+12,2.6E+12,2.67E+12,2.67E+12,2.59E+12,2.64E+12,2.7E+12,2.7E+12,2.72E+12,2.74E+12,2.77E+12,2.81E+12,2.86E+12
Gabon,2190000000,2510000000,2690000000,2860000000,2990000000,3240000000,3380000000,3520000000,3610000000,3900000000,4240000000,4680000000,5210000000,5740000000,8000000000,9540000000,12900000000,11300000000,8590000000,8630000000,8850000000,9300000000,9010000000,9520000000,10200000000,10000000000,9920000000,8220000000,9270000000,10100000000,10600000000,11200000000,10900000000,11300000000,11700000000,12300000000,12800000000,13500000000,14000000000,12700000000,12500000000,12700000000,12700000000,13000000000,13100000000,13400000000,13100000000,13800000000,13400000000,13400000000,14400000000,15400000000,16200000000,17100000000,17800000000,18500000000,18900000000,19100000000
Gambia,,,,,,,172000000,172000000,189000000,194000000,205000000,205000000,206000000,225000000,238000000,268000000,287000000,297000000,316000000,312000000,331000000,342000000,340000000,377000000,390000000,387000000,402000000,412000000,431000000,456000000,472000000,487000000,504000000,519000000,520000000,524000000,536000000,562000000,582000000,619000000,653000000,691000000,668000000,714000000,765000000,758000000,766000000,794000000,839000000,893000000,952000000,911000000,962000000,1010000000,1020000000,1060000000,1080000000,1120000000
Georgia,,,,,,7000000000,7530000000,8000000000,8360000000,8760000000,9810000000,10100000000,10300000000,11000000000,12000000000,12900000000,13600000000,14600000000,15700000000,16800000000,17600000000,18500000000,18900000000,19700000000,20800000000,21800000000,20000000000,20300000000,21400000000,19900000000,16900000000,13400000000,7360000000,5200000000,4660000000,4780000000,5320000000,5880000000,6060000000,6230000000,6350000000,6650000000,7020000000,7790000000,8250000000,9040000000,9890000000,11100000000,11400000000,11000000000,11600000000,12500000000,13300000000,13700000000,14400000000,14800000000,15200000000,15900000000
Germany,,,,,,,,,,,1.53E+12,1.58E+12,1.65E+12,1.73E+12,1.74E+12,1.73E+12,1.81E+12,1.88E+12,1.93E+12,2.01E+12,2.04E+12,2.05E+12,2.04E+12,2.08E+12,2.13E+12,2.18E+12,2.23E+12,2.26E+12,2.35E+12,2.44E+12,2.57E+12,2.7E+12,2.75E+12,2.73E+12,2.79E+12,2.84E+12,2.86E+12,2.92E+12,2.97E+12,3.03E+12,3.12E+12,3.18E+12,3.18E+12,3.15E+12,3.19E+12,3.21E+12,3.33E+12,3.44E+12,3.48E+12,3.28E+12,3.42E+12,3.54E+12,3.56E+12,3.58E+12,3.65E+12,3.71E+12,3.78E+12,3.87E+12
Ghana,7010000000,7250000000,7540000000,7880000000,8050000000,8160000000,7810000000,8050000000,8080000000,8570000000,9400000000,9890000000,9650000000,9930000000,10600000000,9290000000,8960000000,9160000000,9940000000,9690000000,9740000000,9390000000,8740000000,8340000000,9070000000,9530000000,10000000000,10500000000,11100000000,11700000000,12000000000,12700000000,13200000000,13800000000,14300000000,14900000000,15500000000,16200000000,17000000000,17700000000,18400000000,19100000000,19900000000,21000000000,22200000000,23500000000,25000000000,26100000000,28400000000,29800000000,32200000000,36700000000,40100000000,43000000000,44800000000,46500000000,48200000000,52300000000
Greece,56500000000,62800000000,63700000000,70200000000,76000000000,83100000000,88200000000,93100000000,99300000000,1.09E+11,1.18E+11,1.27E+11,1.4E+11,1.51E+11,1.41E+11,1.5E+11,1.61E+11,1.66E+11,1.78E+11,1.83E+11,1.85E+11,1.82E+11,1.8E+11,1.78E+11,1.81E+11,1.86E+11,1.87E+11,1.83E+11,1.9E+11,1.98E+11,1.98E+11,2.04E+11,2.05E+11,2.02E+11,2.06E+11,2.1E+11,2.16E+11,2.26E+11,2.35E+11,2.42E+11,2.52E+11,2.62E+11,2.72E+11,2.88E+11,3.03E+11,3.04E+11,3.22E+11,3.32E+11,3.31E+11,3.17E+11,2.99E+11,2.72E+11,2.52E+11,2.44E+11,2.46E+11,2.45E+11,2.44E+11,2.48E+11
Grenada,,,,,,,,,,,,,,,,,,266000000,280000000,296000000,294000000,298000000,311000000,322000000,334000000,354000000,379000000,413000000,426000000,442000000,459000000,466000000,462000000,453000000,460000000,470000000,491000000,516000000,576000000,616000000,646000000,633000000,655000000,717000000,712000000,807000000,775000000,822000000,830000000,775000000,771000000,777000000,768000000,786000000,844000000,898000000,931000000,966000000
Guatemala,6160000000,6420000000,6650000000,7280000000,7620000000,7950000000,8390000000,8730000000,9500000000,9950000000,10500000000,11100000000,11900000000,12700000000,13500000000,13800000000,14800000000,16000000000,16800000000,17600000000,18200000000,18300000000,17700000000,17200000000,17300000000,17200000000,17200000000,17900000000,18600000000,19300000000,19900000000,20600000000,21600000000,22500000000,23400000000,24500000000,25200000000,26300000000,27700000000,28700000000,29800000000,30500000000,31600000000,32400000000,33500000000,34600000000,36400000000,38700000000,40000000000,40200000000,41300000000,43100000000,44300000000,46000000000,47900000000,49900000000,51400000000,52800000000
Guinea,,,,,,,,,,,,,,,,,,,,,,,,,,,2950000000,3040000000,3240000000,3370000000,3510000000,3600000000,3720000000,3910000000,4060000000,4250000000,4440000000,4670000000,4840000000,5030000000,5150000000,5340000000,5620000000,5690000000,5820000000,5990000000,6060000000,6480000000,6750000000,6670000000,6990000000,7380000000,7820000000,8130000000,8430000000,8750000000,9670000000,10500000000
Guinea-Bissau,,,,,,,,,,,348000000,334000000,355000000,359000000,376000000,405000000,425000000,395000000,447000000,455000000,383000000,452000000,471000000,455000000,497000000,517000000,513000000,528000000,553000000,586000000,622000000,654000000,661000000,675000000,696000000,727000000,811000000,864000000,621000000,628000000,662000000,676000000,670000000,673000000,692000000,721000000,738000000,762000000,787000000,813000000,851000000,919000000,904000000,933000000,942000000,1000000000,1060000000,1130000000
Guyana,960000000,1010000000,1020000000,892000000,993000000,1100000000,1160000000,1200000000,1220000000,1300000000,1360000000,1400000000,1350000000,1370000000,1480000000,1600000000,1630000000,1580000000,1550000000,1530000000,1550000000,1580000000,1370000000,1270000000,1210000000,1240000000,1230000000,1240000000,1190000000,1130000000,1100000000,1170000000,1260000000,1360000000,1480000000,1550000000,1670000000,1780000000,1750000000,1800000000,1770000000,1810000000,1830000000,1810000000,1870000000,1840000000,1930000000,2070000000,2110000000,2180000000,2270000000,2390000000,2520000000,2640000000,2750000000,2830000000,2930000000,3010000000
Haiti,,,,,,,,,,,,,,,,,,,,,,,,,,,,,,,,,,,,,6030000000,6190000000,6330000000,6500000000,6560000000,6490000000,6470000000,6500000000,6270000000,6380000000,6520000000,6740000000,6800000000,7010000000,6620000000,6990000000,7190000000,7490000000,7710000000,7800000000,7910000000,8000000000
Honduras,2230000000,2280000000,2410000000,2490000000,2630000000,2870000000,3020000000,3200000000,3410000000,3430000000,3560000000,3700000000,3910000000,4220000000,4170000000,4260000000,4710000000,5190000000,5710000000,5980000000,6020000000,6170000000,6090000000,6030000000,6290000000,6560000000,6600000000,7000000000,7330000000,7640000000,7650000000,7900000000,8340000000,8860000000,8750000000,9100000000,9430000000,9900000000,10200000000,10000000000,10600000000,10900000000,11300000000,11800000000,12500000000,13300000000,14100000000,15000000000,15700000000,15300000000,15800000000,16400000000,17100000000,17600000000,18100000000,18800000000,19500000000,20500000000
Hungary,,,,,,,,,,,,,,,,,,,,,,,,,,,,,,,,91800000000,89000000000,88500000000,91100000000,92500000000,92500000000,95600000000,99600000000,1.03E+11,1.07E+11,1.11E+11,1.16E+11,1.21E+11,1.27E+11,1.32E+11,1.37E+11,1.38E+11,1.39E+11,1.3E+11,1.31E+11,1.33E+11,1.31E+11,1.34E+11,1.39E+11,1.44E+11,1.47E+11,1.53E+11
Iceland,,,,,,,,,,,,,,,,,,,,,,,,,,,,,,,,,,,,,8410000000,8840000000,9460000000,9830000000,10300000000,10700000000,10700000000,11000000000,11900000000,12600000000,13300000000,14500000000,14800000000,13800000000,13300000000,13600000000,13800000000,14300000000,14700000000,15300000000,16400000000,17000000000
India,1.37E+11,1.42E+11,1.46E+11,1.55E+11,1.66E+11,1.62E+11,1.62E+11,1.74E+11,1.8E+11,1.92E+11,2.02E+11,2.05E+11,2.04E+11,2.11E+11,2.14E+11,2.33E+11,2.37E+11,2.54E+11,2.69E+11,2.55E+11,2.72E+11,2.88E+11,2.98E+11,3.2E+11,3.32E+11,3.49E+11,3.66E+11,3.81E+11,4.17E+11,4.42E+11,4.67E+11,4.71E+11,4.97E+11,5.21E+11,5.56E+11,5.98E+11,6.43E+11,6.69E+11,7.1E+11,7.73E+11,8.03E+11,8.41E+11,8.73E+11,9.42E+11,1.02E+12,1.11E+12,1.21E+12,1.33E+12,1.39E+12,1.5E+12,1.66E+12,1.77E+12,1.86E+12,1.98E+12,2.13E+12,2.3E+12,2.47E+12,2.63E+12
Indonesia,60600000000,64100000000,65200000000,63800000000,66000000000,66700000000,68600000000,69600000000,77100000000,82400000000,88600000000,94900000000,1.02E+11,1.1E+11,1.18E+11,1.24E+11,1.33E+11,1.44E+11,1.54E+11,1.65E+11,1.82E+11,1.96E+11,2E+11,2.09E+11,2.23E+11,2.29E+11,2.42E+11,2.54E+11,2.69E+11,2.89E+11,3.1E+11,3.31E+11,3.53E+11,3.76E+11,4.04E+11,4.37E+11,4.71E+11,4.94E+11,4.29E+11,4.32E+11,4.53E+11,4.7E+11,4.91E+11,5.15E+11,5.4E+11,5.71E+11,6.03E+11,6.41E+11,6.79E+11,7.11E+11,7.55E+11,8.02E+11,8.5E+11,8.97E+11,9.42E+11,9.88E+11,1.04E+12,1.09E+12
Iran,65300000000,72800000000,79000000000,84800000000,92600000000,1.09E+11,1.21E+11,1.35E+11,1.55E+11,1.8E+11,2E+11,2.29E+11,2.62E+11,2.84E+11,3.03E+11,2.95E+11,3.46E+11,3.32E+11,2.86E+11,2.56E+11,1.85E+11,1.76E+11,2.23E+11,2.43E+11,2.21E+11,2.26E+11,2.03E+11,2.04E+11,1.93E+11,2.05E+11,2.33E+11,2.62E+11,2.69E+11,2.72E+11,2.68E+11,2.74E+11,2.88E+11,2.9E+11,2.96E+11,2.99E+11,3.16E+11,3.19E+11,3.42E+11,3.72E+11,3.88E+11,4E+11,4.2E+11,4.55E+11,4.56E+11,4.6E+11,4.87E+11,5E+11,4.63E+11,4.62E+11,4.83E+11,4.77E+11,5.41E+11,5.64E+11
Iraq,,,,,,,,,13500000000,13900000000,14500000000,15300000000,15900000000,16600000000,19300000000,21700000000,25400000000,25900000000,30300000000,36600000000,45700000000,45400000000,46900000000,40800000000,40200000000,40800000000,42600000000,46600000000,46600000000,45200000000,71300000000,25600000000,34000000000,44300000000,46000000000,46900000000,52100000000,63200000000,85200000000,1E+11,1.02E+11,1.04E+11,96800000000,64700000000,99800000000,1.04E+11,1.15E+11,1.16E+11,1.26E+11,1.3E+11,1.39E+11,1.49E+11,1.7E+11,1.83E+11,1.84E+11,1.93E+11,2.14E+11,2.12E+11
Ireland,,,,,,,,,,,36800000000,38000000000,40500000000,42400000000,44200000000,46700000000,47400000000,51300000000,55000000000,56600000000,58400000000,60300000000,61700000000,61600000000,64200000000,66200000000,65900000000,69000000000,72600000000,76800000000,83300000000,84900000000,87800000000,90100000000,95300000000,1.05E+11,1.13E+11,1.24E+11,1.35E+11,1.49E+11,1.63E+11,1.73E+11,1.84E+11,1.9E+11,2.02E+11,2.14E+11,2.26E+11,2.38E+11,2.29E+11,2.18E+11,2.22E+11,2.29E+11,2.29E+11,2.32E+11,2.52E+11,3.16E+11,3.32E+11,3.58E+11
Israel,18500000000,20600000000,22700000000,25100000000,27100000000,29500000000,29500000000,30400000000,35300000000,40100000000,43100000000,45300000000,50800000000,53600000000,57100000000,58900000000,59100000000,59700000000,63000000000,67000000000,68100000000,71700000000,73200000000,75700000000,76400000000,79500000000,82800000000,88700000000,91300000000,91800000000,98500000000,1.06E+11,1.14E+11,1.19E+11,1.28E+11,1.36E+11,1.44E+11,1.49E+11,1.55E+11,1.61E+11,1.74E+11,1.74E+11,1.74E+11,1.75E+11,1.83E+11,1.91E+11,2.01E+11,2.13E+11,2.19E+11,2.22E+11,2.34E+11,2.44E+11,2.49E+11,2.59E+11,2.68E+11,2.76E+11,2.88E+11,2.97E+11
Italy,5.46E+11,5.9E+11,6.27E+11,6.62E+11,6.81E+11,7.03E+11,7.45E+11,7.98E+11,8.51E+11,9.03E+11,9.5E+11,9.67E+11,1E+12,1.07E+12,1.13E+12,1.11E+12,1.19E+12,1.22E+12,1.26E+12,1.33E+12,1.38E+12,1.39E+12,1.4E+12,1.41E+12,1.46E+12,1.5E+12,1.54E+12,1.59E+12,1.66E+12,1.72E+12,1.75E+12,1.78E+12,1.79E+12,1.78E+12,1.81E+12,1.87E+12,1.89E+12,1.92E+12,1.96E+12,1.99E+12,2.06E+12,2.1E+12,2.1E+12,2.11E+12,2.14E+12,2.16E+12,2.2E+12,2.23E+12,2.21E+12,2.09E+12,2.13E+12,2.14E+12,2.08E+12,2.04E+12,2.04E+12,2.06E+12,2.08E+12,2.11E+12
Jamaica,,,,,,,6740000000,6870000000,7260000000,7670000000,8590000000,8800000000,10400000000,9820000000,9400000000,9380000000,8750000000,8520000000,8520000000,8430000000,7950000000,8160000000,8320000000,8480000000,8350000000,8110000000,8260000000,8910000000,9260000000,9930000000,10300000000,10800000000,11100000000,12100000000,12300000000,12600000000,12500000000,12400000000,12100000000,12200000000,12300000000,12500000000,12800000000,13200000000,13400000000,13500000000,13900000000,14100000000,14000000000,13400000000,13200000000,13400000000,13300000000,13400000000,13500000000,13600000000,13800000000,13900000000
Japan,7.96E+11,8.92E+11,9.72E+11,1.05E+12,1.18E+12,1.25E+12,1.38E+12,1.53E+12,1.73E+12,1.94E+12,1.95E+12,2.04E+12,2.21E+12,2.39E+12,2.36E+12,2.44E+12,2.53E+12,2.64E+12,2.78E+12,2.94E+12,3.02E+12,3.15E+12,3.25E+12,3.37E+12,3.52E+12,3.7E+12,3.82E+12,4E+12,4.28E+12,4.48E+12,4.7E+12,4.86E+12,4.91E+12,4.88E+12,4.93E+12,5.06E+12,5.22E+12,5.28E+12,5.22E+12,5.2E+12,5.35E+12,5.37E+12,5.38E+12,5.46E+12,5.58E+12,5.67E+12,5.75E+12,5.85E+12,5.78E+12,5.47E+12,5.7E+12,5.69E+12,5.78E+12,5.89E+12,5.92E+12,6E+12,6.05E+12,6.16E+12
Jordan,,,,,,,,,,,,,,,,3430000000,4260000000,4540000000,5500000000,6000000000,7140000000,7470000000,8030000000,8190000000,8890000000,9200000000,9850000000,10100000000,9940000000,8610000000,8690000000,8850000000,10500000000,11000000000,11500000000,12200000000,12500000000,12900000000,13300000000,13800000000,14300000000,15100000000,16000000000,16600000000,18100000000,19500000000,21100000000,22800000000,24500000000,25800000000,26400000000,27100000000,27800000000,28600000000,29500000000,30200000000,30800000000,31400000000
Kazakhstan,,,,,,,,,,,,,,,,,,,,,,,,,,,,,,,96300000000,85700000000,81200000000,73700000000,64400000000,59100000000,59400000000,60400000000,59300000000,60900000000,66900000000,75900000000,83300000000,91100000000,99800000000,1.09E+11,1.21E+11,1.32E+11,1.36E+11,1.38E+11,1.48E+11,1.59E+11,1.67E+11,1.77E+11,1.84E+11,1.86E+11,1.88E+11,1.96E+11
Kenya,4360000000,4020000000,4410000000,4790000000,5030000000,5130000000,5890000000,6080000000,6570000000,7090000000,6760000000,8260000000,9670000000,10200000000,10700000000,10800000000,11000000000,12000000000,12900000000,13800000000,14600000000,15200000000,15400000000,15600000000,15900000000,16500000000,17700000000,18800000000,20000000000,20900000000,21800000000,22100000000,21900000000,22000000000,22600000000,23600000000,24500000000,24600000000,25500000000,26000000000,26200000000,27200000000,27300000000,28100000000,29600000000,31300000000,33300000000,35600000000,35700000000,36900000000,40000000000,42400000000,44400000000,47000000000,49500000000,52300000000,55400000000,58100000000
Kiribati,,,,,,,,,,,123000000,120000000,135000000,163000000,237000000,249000000,183000000,174000000,176000000,156000000,130000000,126000000,134000000,133000000,140000000,130000000,129000000,117000000,128000000,124000000,122000000,122000000,124000000,125000000,127000000,127000000,129000000,131000000,140000000,137000000,146000000,144000000,149000000,152000000,150000000,157000000,155000000,158000000,155000000,156000000,153000000,154000000,162000000,171000000,173000000,191000000,193000000,199000000
Kuwait,,,,,,,,,,,,,,,,,,,,,,,,,,,,,,,,,43800000000,58700000000,63700000000,66800000000,67200000000,68900000000,71400000000,70100000000,73400000000,73900000000,76200000000,89300000000,99000000000,1.09E+11,1.17E+11,1.24E+11,1.27E+11,1.18E+11,1.15E+11,1.27E+11,1.35E+11,1.36E+11,1.37E+11,1.38E+11,1.43E+11,1.39E+11
Kyrgyz Republic,,,,,,,,,,,,,,,,,,,,,,,,,,,3790000000,3910000000,4430000000,4550000000,4810000000,4430000000,3820000000,3230000000,2580000000,2440000000,2610000000,2870000000,2930000000,3040000000,3210000000,3380000000,3380000000,3610000000,3870000000,3860000000,3980000000,4320000000,4680000000,4820000000,4790000000,5080000000,5080000000,5630000000,5860000000,6080000000,6350000000,6640000000
Lao,,,,,,,,,,,,,,,,,,,,,,,,,1520000000,1590000000,1670000000,1650000000,1610000000,1840000000,1970000000,2050000000,2170000000,2290000000,2480000000,2660000000,2840000000,3030000000,3160000000,3390000000,3580000000,3790000000,4010000000,4260000000,4530000000,4850000000,5270000000,5670000000,6110000000,6570000000,7130000000,7700000000,8320000000,8990000000,9670000000,10400000000,11100000000,11900000000
Latvia,,,,,,,,,,,,,,,,,,,,,,,,,,,,,,,,,,,,12800000000,13100000000,14200000000,15200000000,15600000000,16400000000,17500000000,18700000000,20300000000,22000000000,24300000000,27200000000,30000000000,28900000000,24700000000,23800000000,25300000000,26300000000,26900000000,27400000000,28200000000,28900000000,30200000000
Lebanon,,,,,,,,,,,,,,,,,,,,,,,,,,,,,15700000000,9040000000,11400000000,15800000000,16500000000,17700000000,19100000000,20300000000,21400000000,20900000000,21600000000,21500000000,21800000000,22700000000,23500000000,24200000000,25600000000,26300000000,26700000000,29200000000,32300000000,35600000000,38400000000,38800000000,39900000000,40900000000,41700000000,42100000000,42900000000,43800000000
Lesotho,219000000,223000000,257000000,285000000,308000000,315000000,314000000,348000000,346000000,352000000,359000000,378000000,377000000,477000000,529000000,457000000,508000000,619000000,732000000,753000000,733000000,738000000,771000000,786000000,829000000,851000000,891000000,898000000,975000000,1030000000,1090000000,1170000000,1250000000,1300000000,1370000000,1420000000,1500000000,1550000000,1580000000,1580000000,1650000000,1700000000,1720000000,1790000000,1820000000,1890000000,1970000000,2060000000,2200000000,2250000000,2390000000,2550000000,2700000000,2750000000,2840000000,2910000000,2980000000,3150000000
Liberia,1430000000,1460000000,1480000000,1510000000,1590000000,1670000000,1800000000,1920000000,2010000000,2160000000,2300000000,2410000000,2510000000,2460000000,2570000000,2480000000,2620000000,2660000000,2790000000,2880000000,2760000000,2700000000,2630000000,2580000000,2530000000,2510000000,2470000000,2440000000,2390000000,1750000000,859000000,737000000,478000000,321000000,251000000,240000000,269000000,555000000,723000000,880000000,1130000000,1170000000,1210000000,845000000,867000000,912000000,986000000,1080000000,1160000000,1220000000,1290000000,1400000000,1510000000,1640000000,1650000000,1650000000,1630000000,1670000000
Libya,,,,,,,,,,,,,,,,,,,,,,,,,,,,,,,,,,,,,,,,46300000000,48000000000,47200000000,46700000000,52800000000,55200000000,61700000000,65700000000,69900000000,71800000000,71200000000,74800000000,28400000000,63300000000,54700000000,41500000000,37900000000,36800000000,46600000000
Liechtenstein,,,,,,,,,,,,,,,,,,,,,,,,,,,,,,,,,,,,,,,,,,,,,,,,,,,5080000000,,,,,,,
Lithuania,,,,,,,,,,,,,,,,,,,,,,,,,,,,,,,,,,,,19300000000,20300000000,22000000000,23600000000,23400000000,24300000000,25800000000,27600000000,30500000000,32500000000,35000000000,37600000000,41800000000,42900000000,36500000000,37100000000,39400000000,40900000000,42300000000,43800000000,44700000000,45700000000,47500000000
Luxembourg,8500000000,8830000000,8950000000,9260000000,9990000000,9910000000,10000000000,10000000000,10500000000,11500000000,12000000000,12300000000,13200000000,14300000000,14900000000,13900000000,14200000000,14500000000,15000000000,15400000000,15500000000,15400000000,15600000000,16100000000,17100000000,17600000000,19300000000,20100000000,21800000000,23900000000,25200000000,27300000000,27800000000,29000000000,30100000000,30600000000,31000000000,32700000000,34700000000,37700000000,40800000000,41800000000,43400000000,44100000000,45700000000,47200000000,49600000000,53700000000,53100000000,50700000000,53200000000,54600000000,54400000000,56400000000,59600000000,61300000000,63200000000,64700000000
"Macedonia, FYR",,,,,,,,,,,,,,,,,,,,,,,,,,,,,,,7690000000,7220000000,6740000000,6240000000,6130000000,6060000000,6130000000,6220000000,6430000000,6710000000,7020000000,6800000000,6900000000,7060000000,7390000000,7740000000,8130000000,8660000000,9130000000,9100000000,9410000000,9630000000,9580000000,9860000000,10200000000,10600000000,10900000000,10900000000
Madagascar,3650000000,3730000000,3810000000,3780000000,3930000000,3910000000,3990000000,4210000000,4500000000,4660000000,4910000000,5100000000,5040000000,4910000000,5000000000,5070000000,4910000000,5030000000,4890000000,5380000000,5420000000,4890000000,4810000000,4850000000,4930000000,4990000000,5090000000,5150000000,5320000000,5540000000,5710000000,5350000000,5410000000,5530000000,5520000000,5620000000,5740000000,5950000000,6190000000,6470000000,6780000000,7190000000,6280000000,6890000000,7260000000,7590000000,7970000000,8470000000,9070000000,8710000000,8730000000,8860000000,9130000000,9330000000,9640000000,9940000000,10400000000,10800000000
Malawi,873000000,939000000,946000000,933000000,957000000,1090000000,1230000000,1320000000,1300000000,1370000000,1380000000,1600000000,1700000000,1740000000,1870000000,1980000000,2080000000,2180000000,2390000000,2500000000,2510000000,2380000000,2440000000,2530000000,2660000000,2780000000,2780000000,2820000000,2910000000,2950000000,3120000000,3390000000,3140000000,3450000000,3100000000,3610000000,3880000000,4020000000,4180000000,4310000000,4380000000,4160000000,4230000000,4470000000,4710000000,4870000000,5100000000,5580000000,6010000000,6510000000,6960000000,7300000000,7440000000,7820000000,8270000000,8500000000,8710000000,9060000000
Malaysia,11000000000,11900000000,12600000000,13600000000,14300000000,15400000000,16600000000,17200000000,18600000000,19500000000,20700000000,22800000000,24900000000,27800000000,30100000000,30400000000,33900000000,36500000000,39000000000,42600000000,45800000000,48900000000,51900000000,55100000000,59400000000,58800000000,59500000000,62600000000,68800000000,75000000000,81800000000,89600000000,97600000000,1.07E+11,1.17E+11,1.29E+11,1.41E+11,1.52E+11,1.41E+11,1.49E+11,1.63E+11,1.63E+11,1.72E+11,1.82E+11,1.94E+11,2.05E+11,2.16E+11,2.3E+11,2.41E+11,2.37E+11,2.55E+11,2.69E+11,2.83E+11,2.97E+11,3.14E+11,3.3E+11,3.44E+11,3.64E+11
Maldives,,,,,,,,,,,,,,,,,,,,,,,,,,,,,,,,,,,,1170000000,1260000000,1370000000,1470000000,1560000000,1620000000,1560000000,1670000000,1900000000,2010000000,1750000000,2210000000,2380000000,2600000000,2410000000,2590000000,2810000000,2880000000,3090000000,3320000000,3390000000,3600000000,3920000000
Mali,,,,,,,,1940000000,2020000000,2020000000,2140000000,2200000000,2330000000,2290000000,2260000000,2520000000,2870000000,3050000000,3000000000,3320000000,3170000000,3220000000,2980000000,3040000000,3030000000,3640000000,3740000000,3730000000,4010000000,4180000000,4070000000,4550000000,4410000000,4550000000,4720000000,4760000000,5100000000,5340000000,5750000000,6080000000,6070000000,7010000000,7220000000,7880000000,8000000000,8530000000,8920000000,9240000000,9680000000,10100000000,10700000000,11000000000,10900000000,11200000000,12000000000,12700000000,13400000000,14100000000
Malta,,,,,,,,,,,1130000000,1160000000,1230000000,1280000000,1410000000,1680000000,1970000000,2210000000,2460000000,2710000000,2900000000,3000000000,3070000000,3050000000,3080000000,3160000000,3280000000,3420000000,3700000000,4010000000,4260000000,4530000000,4740000000,4950000000,5230000000,5560000000,5770000000,6080000000,6390000000,6690000000,7140000000,7180000000,7400000000,7590000000,7620000000,7910000000,8050000000,8370000000,8660000000,8440000000,8740000000,8860000000,9100000000,9520000000,10300000000,11300000000,11900000000,12600000000
Marshall Islands,,,,,,,,,,,,,,,,,,,,,,71200000,74600000,86200000,89500000,83900000,105000000,114000000,123000000,121000000,124000000,125000000,133000000,141000000,150000000,162000000,145000000,136000000,132000000,129000000,137000000,144000000,148000000,148000000,148000000,152000000,155000000,160000000,158000000,155000000,165000000,167000000,173000000,178000000,176000000,176000000,179000000,184000000
Mauritania,679000000,784000000,790000000,774000000,989000000,1150000000,1150000000,1190000000,1310000000,1330000000,1490000000,1520000000,1510000000,1440000000,1610000000,1530000000,1660000000,1630000000,1620000000,1700000000,1750000000,1820000000,1770000000,1840000000,1780000000,1830000000,1940000000,1970000000,2010000000,2100000000,2070000000,2100000000,2140000000,2270000000,2200000000,2420000000,2560000000,2450000000,2520000000,2720000000,2700000000,2760000000,2780000000,2940000000,3110000000,3390000000,4030000000,4140000000,4190000000,4150000000,4340000000,4550000000,4810000000,5100000000,5390000000,5460000000,5570000000,5770000000
Mauritius,,,,,,,,,,,,,,,,,2120000000,2260000000,2350000000,2430000000,2190000000,2320000000,2440000000,2450000000,2570000000,2750000000,3010000000,3280000000,3510000000,3660000000,3930000000,4100000000,4370000000,4590000000,4780000000,4980000000,5260000000,5560000000,5900000000,6050000000,6600000000,6770000000,6910000000,7160000000,7580000000,7670000000,8330000000,8800000000,9280000000,9580000000,10000000000,10400000000,10800000000,11100000000,11600000000,12000000000,12400000000,12900000000
Mexico,1.45E+11,1.53E+11,1.6E+11,1.73E+11,1.93E+11,2.07E+11,2.2E+11,2.33E+11,2.54E+11,2.63E+11,2.8E+11,2.91E+11,3.15E+11,3.39E+11,3.59E+11,3.8E+11,3.96E+11,4.1E+11,4.47E+11,4.9E+11,5.35E+11,5.82E+11,5.78E+11,5.54E+11,5.74E+11,5.89E+11,5.67E+11,5.77E+11,5.85E+11,6.09E+11,6.4E+11,6.67E+11,6.91E+11,7.19E+11,7.55E+11,7.07E+11,7.55E+11,8.07E+11,8.49E+11,8.72E+11,9.15E+11,9.12E+11,9.11E+11,9.24E+11,9.61E+11,9.83E+11,1.03E+12,1.05E+12,1.06E+12,1.01E+12,1.06E+12,1.1E+12,1.14E+12,1.15E+12,1.18E+12,1.22E+12,1.26E+12,1.28E+12
"Micronesia, Fed. Sts.",,,,,,,,,,,,,,,,,,,,,,,,,,,204000000,207000000,212000000,219000000,227000000,244000000,254000000,275000000,273000000,293000000,284000000,266000000,274000000,278000000,291000000,296000000,298000000,303000000,294000000,300000000,300000000,294000000,287000000,291000000,297000000,306000000,300000000,289000000,283000000,296000000,296000000,302000000
Moldova,,,,,,,,,,,,,,,,,,,,,,,,,,,,,,,,,,,,3990000000,3760000000,3820000000,3570000000,3450000000,3520000000,3740000000,4030000000,4300000000,4610000000,4960000000,5200000000,5360000000,5770000000,5430000000,5810000000,6210000000,6160000000,6740000000,7070000000,7040000000,7350000000,7690000000
Monaco,,,,,,,,,,,,,,,,,,,,,,,,,,,,,,,,,,,,,,,,,,,,,,,,,,,5350000000,,,,,,,
Mongolia,,,,,,,,,,,,,,,,,,,,,,2500000000,2710000000,2860000000,3030000000,3210000000,3510000000,3630000000,3810000000,3970000000,3850000000,3510000000,3190000000,3090000000,3150000000,3350000000,3430000000,3560000000,3680000000,3790000000,3840000000,3950000000,4140000000,4430000000,4900000000,5250000000,5700000000,6290000000,6850000000,6760000000,7190000000,8430000000,9470000000,10600000000,11400000000,11700000000,11800000000,12500000000
Montenegro,,,,,,,,,,,,,,,,,,,,,,,,,,,,,,,,,,,,,,3060000000,3210000000,2900000000,2990000000,3030000000,3090000000,3160000000,3300000000,3440000000,3730000000,3990000000,4280000000,4030000000,4140000000,4270000000,4160000000,4300000000,4380000000,4530000000,4660000000,4860000000
Morocco,,,,,,,11900000000,13100000000,14400000000,15700000000,16400000000,17300000000,17700000000,18400000000,19400000000,20900000000,23100000000,24500000000,25100000000,26300000000,27200000000,26700000000,29100000000,29500000000,31400000000,33300000000,36400000000,36300000000,40600000000,41800000000,43200000000,46300000000,45300000000,45000000000,49800000000,47100000000,52900000000,52100000000,55800000000,56400000000,57500000000,61700000000,63700000000,67500000000,70700000000,73000000000,78500000000,81300000000,86100000000,89800000000,93200000000,98100000000,1.01E+11,1.06E+11,1.08E+11,1.13E+11,1.15E+11,1.19E+11
Mozambique,,,,,,,,,,,,,,,,,,,,,2260000000,2370000000,2210000000,1860000000,1740000000,1760000000,1720000000,1970000000,2130000000,2270000000,2290000000,2400000000,2280000000,2480000000,2630000000,2690000000,3410000000,3780000000,4230000000,4560000000,4640000000,5220000000,5680000000,6050000000,6530000000,7100000000,7790000000,8370000000,8950000000,9520000000,10200000000,10900000000,11700000000,12500000000,13400000000,14300000000,14800000000,15400000000
Myanmar,3330000000,3350000000,3490000000,3950000000,3720000000,4120000000,3920000000,3680000000,4130000000,4260000000,4480000000,4660000000,4780000000,4730000000,4980000000,5190000000,5500000000,5830000000,6210000000,6530000000,7050000000,7500000000,7920000000,8270000000,8680000000,8930000000,8830000000,8480000000,7510000000,7790000000,8010000000,7960000000,8730000000,9260000000,9950000000,10600000000,11300000000,12000000000,12700000000,14100000000,16000000000,17800000000,19900000000,22700000000,25800000000,29300000000,33100000000,37100000000,40900000000,45200000000,49500000000,52300000000,56100000000,60900000000,65700000000,70300000000,74500000000,79200000000
Namibia,,,,,,,,,,,,,,,,,,,,,4410000000,4460000000,4440000000,4360000000,4350000000,4370000000,4580000000,4740000000,4780000000,4870000000,4960000000,5370000000,5760000000,5670000000,5760000000,5990000000,6180000000,6440000000,6650000000,6880000000,7120000000,7200000000,7540000000,7860000000,8830000000,9050000000,9690000000,10300000000,10600000000,10600000000,11300000000,11900000000,12500000000,13200000000,14000000000,14800000000,15000000000,14800000000
Nauru,,,,,,,,,,,,,,,,,,,,,,,,,,,,,,,,,,,,,,,,,,,,,,,,29700000,39900000,43400000,49200000,55000000,60600000,81300000,111000000,114000000,126000000,131000000
Nepal,2690000000,2740000000,2790000000,2840000000,3060000000,3020000000,3230000000,3180000000,3200000000,3350000000,3430000000,3390000000,3500000000,3480000000,3700000000,3760000000,3920000000,4040000000,4220000000,4320000000,4220000000,4570000000,4740000000,4600000000,5050000000,5360000000,5600000000,5700000000,6140000000,6400000000,6700000000,7120000000,7420000000,7700000000,8330000000,8620000000,9080000000,9540000000,9830000000,10300000000,10900000000,11400000000,11400000000,11900000000,12400000000,12900000000,13300000000,13800000000,14600000000,15300000000,16000000000,16600000000,17300000000,18100000000,19100000000,19800000000,19900000000,21300000000
Netherlands,1.88E+11,1.88E+11,2.01E+11,2.09E+11,2.26E+11,2.45E+11,2.52E+11,2.65E+11,2.82E+11,3.01E+11,3.18E+11,3.31E+11,3.43E+11,3.62E+11,3.74E+11,3.74E+11,3.91E+11,4.01E+11,4.12E+11,4.2E+11,4.26E+11,4.22E+11,4.17E+11,4.26E+11,4.39E+11,4.5E+11,4.63E+11,4.71E+11,4.88E+11,5.09E+11,5.31E+11,5.43E+11,5.53E+11,5.6E+11,5.76E+11,5.94E+11,6.15E+11,6.42E+11,6.71E+11,7.05E+11,7.35E+11,7.5E+11,7.51E+11,7.53E+11,7.69E+11,7.85E+11,8.13E+11,8.43E+11,8.57E+11,8.25E+11,8.36E+11,8.5E+11,8.41E+11,8.4E+11,8.52E+11,8.71E+11,8.9E+11,9.18E+11
New Zealand,,,,,,,,,,,56800000000,58900000000,61900000000,66800000000,70800000000,69600000000,70200000000,67400000000,67700000000,69100000000,70000000000,73300000000,74000000000,76600000000,80200000000,81500000000,83700000000,80100000000,81700000000,82100000000,82700000000,81300000000,82400000000,87700000000,92300000000,96500000000,99800000000,1.03E+11,1.04E+11,1.09E+11,1.12E+11,1.16E+11,1.22E+11,1.27E+11,1.32E+11,1.36E+11,1.39E+11,1.45E+11,1.42E+11,1.45E+11,1.47E+11,1.51E+11,1.54E+11,1.57E+11,1.63E+11,1.7E+11,1.76E+11,1.81E+11
Nicaragua,2710000000,2910000000,3250000000,3580000000,3970000000,4330000000,4470000000,4790000000,4850000000,5150000000,5220000000,5390000000,5510000000,5870000000,6700000000,6690000000,7040000000,7630000000,7030000000,5170000000,5410000000,5700000000,5650000000,5910000000,5820000000,5580000000,5520000000,5490000000,4800000000,4720000000,4720000000,4710000000,4730000000,4710000000,4860000000,5150000000,5480000000,5700000000,5910000000,6320000000,6580000000,6780000000,6830000000,7000000000,7370000000,7690000000,7980000000,8390000000,8670000000,8390000000,8760000000,9310000000,9920000000,10400000000,10900000000,11400000000,12000000000,12500000000
Niger,2070000000,2170000000,2390000000,2620000000,2620000000,2800000000,2790000000,2800000000,2810000000,2650000000,2730000000,2890000000,2740000000,2270000000,2470000000,2400000000,2420000000,2610000000,2960000000,3170000000,3100000000,3120000000,3170000000,3020000000,2510000000,2700000000,2880000000,2880000000,3080000000,3100000000,3060000000,3140000000,2940000000,2980000000,3100000000,3180000000,3290000000,3380000000,3730000000,3710000000,3660000000,3920000000,4030000000,4250000000,4250000000,4440000000,4700000000,4850000000,5310000000,5280000000,5720000000,5850000000,6540000000,6890000000,7410000000,7730000000,8110000000,8500000000
Nigeria,58700000000,58800000000,61200000000,66500000000,69700000000,73100000000,70000000000,59000000000,58300000000,72400000000,90500000000,1.03E+11,1.07E+11,1.13E+11,1.25E+11,1.19E+11,1.29E+11,1.37E+11,1.29E+11,1.38E+11,1.44E+11,1.25E+11,1.24E+11,1.17E+11,1.15E+11,1.25E+11,1.14E+11,1.01E+11,1.09E+11,1.16E+11,1.31E+11,1.3E+11,1.31E+11,1.33E+11,1.35E+11,1.34E+11,1.41E+11,1.45E+11,1.49E+11,1.5E+11,1.57E+11,1.64E+11,1.71E+11,1.88E+11,2.52E+11,2.61E+11,2.82E+11,3.01E+11,3.2E+11,3.42E+11,3.69E+11,3.87E+11,4.04E+11,4.25E+11,4.52E+11,4.64E+11,4.57E+11,4.6E+11
Norway,83000000000,88200000000,90700000000,94200000000,98900000000,1.04E+11,1.08E+11,1.15E+11,1.17E+11,1.23E+11,1.25E+11,1.32E+11,1.39E+11,1.46E+11,1.51E+11,1.59E+11,1.68E+11,1.75E+11,1.82E+11,1.9E+11,1.98E+11,2.01E+11,2.02E+11,2.1E+11,2.23E+11,2.35E+11,2.45E+11,2.49E+11,2.48E+11,2.51E+11,2.56E+11,2.64E+11,2.73E+11,2.81E+11,2.95E+11,3.07E+11,3.23E+11,3.4E+11,3.49E+11,3.56E+11,3.67E+11,3.75E+11,3.8E+11,3.83E+11,3.99E+11,4.09E+11,4.19E+11,4.31E+11,4.34E+11,4.26E+11,4.29E+11,4.33E+11,4.45E+11,4.5E+11,4.59E+11,4.68E+11,4.73E+11,4.82E+11
Oman,,,,,,1470000000,1550000000,2570000000,4670000000,5870000000,6690000000,6750000000,7410000000,6350000000,7090000000,8820000000,10600000000,10700000000,10300000000,10800000000,11400000000,13400000000,14900000000,17400000000,20300000000,23200000000,23600000000,22800000000,24200000000,27000000000,27000000000,28600000000,31100000000,32900000000,34200000000,35900000000,37000000000,39200000000,40300000000,40200000000,42400000000,44300000000,43800000000,42700000000,43200000000,44300000000,46700000000,48700000000,52700000000,56000000000,58600000000,58000000000,63400000000,66200000000,68000000000,71200000000,75100000000,74800000000
Pakistan,13700000000,14500000000,15200000000,16500000000,17700000000,19600000000,20700000000,21800000000,23400000000,24700000000,27500000000,27600000000,27800000000,29800000000,30900000000,32200000000,33800000000,35100000000,38000000000,39400000000,43400000000,46900000000,49900000000,53300000000,56000000000,60300000000,63600000000,67700000000,72900000000,76500000000,79900000000,83900000000,90400000000,92000000000,95400000000,1E+11,1.05E+11,1.06E+11,1.09E+11,1.13E+11,1.18E+11,1.2E+11,1.24E+11,1.3E+11,1.39E+11,1.5E+11,1.59E+11,1.67E+11,1.7E+11,1.75E+11,1.77E+11,1.82E+11,1.89E+11,1.97E+11,2.06E+11,2.16E+11,2.28E+11,2.41E+11
Palau,,,,,,,,,,,,,,,,,,,,,,,,,,,,,,,,,,,,,,,,,179000000,189000000,195000000,190000000,201000000,213000000,207000000,208000000,195000000,185000000,183000000,194000000,202000000,199000000,204000000,225000000,225000000,217000000
Palestine,,,,,,,,,,,,,,,,,,,,,,,,,,,,,,,,,,,4490000000,4800000000,4860000000,5580000000,6380000000,6900000000,6310000000,5720000000,5010000000,5710000000,6300000000,6980000000,6710000000,7150000000,7590000000,8250000000,8910000000,10000000000,10600000000,10900000000,10900000000,11200000000,11800000000,12100000000
Panama,2420000000,2690000000,2910000000,3160000000,3300000000,3600000000,3870000000,4210000000,4500000000,4880000000,5220000000,5720000000,5980000000,6300000000,6460000000,6570000000,6680000000,6750000000,7410000000,7750000000,8760000000,9570000000,10100000000,9630000000,9890000000,10400000000,10700000000,10600000000,9140000000,9280000000,10000000000,11000000000,11900000000,12500000000,12900000000,13100000000,13600000000,14500000000,15600000000,16200000000,16600000000,16700000000,17100000000,17800000000,19200000000,20600000000,22300000000,25000000000,27500000000,27800000000,29400000000,32800000000,36000000000,38500000000,40400000000,42700000000,44800000000,47200000000
Papua New Guinea,2280000000,2430000000,2580000000,2680000000,2910000000,3210000000,3400000000,3540000000,3690000000,4000000000,4430000000,4710000000,4980000000,5300000000,5440000000,5390000000,5210000000,5250000000,5700000000,5810000000,5670000000,5660000000,5680000000,5860000000,5840000000,6070000000,6360000000,6540000000,6730000000,6630000000,6430000000,7040000000,8020000000,9480000000,10000000000,9710000000,10500000000,10100000000,9670000000,9850000000,9610000000,9600000000,9580000000,9790000000,10100000000,10700000000,10900000000,12200000000,12100000000,12900000000,14300000000,14400000000,15100000000,15700000000,18100000000,19000000000,19400000000,19800000000
Paraguay,1950000000,2090000000,2150000000,2260000000,2350000000,2500000000,2550000000,2780000000,2910000000,3040000000,3210000000,3390000000,3610000000,3880000000,4200000000,4490000000,4830000000,5380000000,6030000000,6750000000,7540000000,8230000000,8110000000,7860000000,8090000000,8450000000,8870000000,9540000000,10100000000,10800000000,11300000000,11600000000,11800000000,12400000000,13100000000,14000000000,14200000000,14800000000,14800000000,14600000000,14300000000,14200000000,14200000000,14800000000,15400000000,15700000000,16400000000,17300000000,18400000000,17700000000,20000000000,20900000000,20600000000,23500000000,24700000000,25400000000,26400000000,26600000000
Peru,27000000000,29000000000,31900000000,33300000000,35500000000,37500000000,40500000000,42100000000,42200000000,43600000000,45100000000,47200000000,48800000000,51900000000,56800000000,59200000000,60100000000,60300000000,58700000000,61100000000,64700000000,68300000000,68200000000,61100000000,63300000000,64600000000,70700000000,77500000000,70200000000,61600000000,58500000000,59800000000,59500000000,62600000000,70300000000,75500000000,77600000000,82600000000,82300000000,83500000000,85800000000,86300000000,91000000000,94800000000,99500000000,1.06E+11,1.14E+11,1.23E+11,1.35E+11,1.36E+11,1.48E+11,1.57E+11,1.66E+11,1.76E+11,1.8E+11,1.86E+11,1.94E+11,1.99E+11
Philippines,27800000000,29400000000,30800000000,33000000000,34100000000,35900000000,37500000000,39500000000,41400000000,43400000000,45000000000,47400000000,50000000000,54500000000,56400000000,59600000000,64800000000,68500000000,72000000000,76100000000,80000000000,82700000000,85700000000,87300000000,80900000000,75000000000,77600000000,80900000000,86400000000,91700000000,94500000000,94000000000,94300000000,96300000000,1.01E+11,1.05E+11,1.11E+11,1.17E+11,1.16E+11,1.2E+11,1.25E+11,1.29E+11,1.34E+11,1.4E+11,1.5E+11,1.57E+11,1.65E+11,1.76E+11,1.83E+11,1.85E+11,2E+11,2.07E+11,2.21E+11,2.36E+11,2.51E+11,2.66E+11,2.84E+11,3.03E+11
Poland,,,,,,,,,,,,,,,,,,,,,,,,,,,,,,,2.27E+11,2.11E+11,2.16E+11,2.24E+11,2.36E+11,2.52E+11,2.68E+11,2.85E+11,2.98E+11,3.12E+11,3.26E+11,3.3E+11,3.37E+11,3.49E+11,3.67E+11,3.8E+11,4.03E+11,4.32E+11,4.5E+11,4.63E+11,4.79E+11,5.03E+11,5.11E+11,5.19E+11,5.36E+11,5.56E+11,5.72E+11,5.98E+11
Portugal,39900000000,42100000000,44900000000,47500000000,50500000000,54300000000,56500000000,60800000000,66200000000,67600000000,76100000000,81200000000,87700000000,97500000000,98600000000,94300000000,1.01E+11,1.06E+11,1.09E+11,1.16E+11,1.21E+11,1.23E+11,1.26E+11,1.25E+11,1.23E+11,1.26E+11,1.32E+11,1.4E+11,1.51E+11,1.6E+11,1.67E+11,1.74E+11,1.76E+11,1.72E+11,1.74E+11,1.81E+11,1.88E+11,1.96E+11,2.05E+11,2.13E+11,2.21E+11,2.26E+11,2.27E+11,2.25E+11,2.29E+11,2.31E+11,2.35E+11,2.41E+11,2.41E+11,2.34E+11,2.38E+11,2.34E+11,2.25E+11,2.22E+11,2.24E+11,2.28E+11,2.32E+11,2.38E+11
Qatar,,,,,,,,,,,,,,,,,,,,,,,,,,,,,,,,,,,,,,,,,36000000000,37400000000,40100000000,41600000000,49600000000,53400000000,67300000000,79400000000,93500000000,1.05E+11,1.25E+11,1.42E+11,1.49E+11,1.55E+11,1.61E+11,1.67E+11,1.71E+11,1.73E+11
Romania,,,,,,,,,,,,,,,,,,,,,,,,,,,,,,,1.24E+11,1.08E+11,98700000000,1E+11,1.04E+11,1.12E+11,1.16E+11,1.1E+11,1.08E+11,1.08E+11,1.1E+11,1.16E+11,1.22E+11,1.29E+11,1.4E+11,1.46E+11,1.58E+11,1.68E+11,1.82E+11,1.71E+11,1.67E+11,1.7E+11,1.72E+11,1.78E+11,1.84E+11,1.91E+11,2E+11,2.14E+11
Russia,,,,,,,,,,,,,,,,,,,,,,,,,,,,,,1.46E+12,1.41E+12,1.34E+12,1.15E+12,1.05E+12,9.16E+11,8.78E+11,8.47E+11,8.59E+11,8.13E+11,8.65E+11,9.52E+11,1E+12,1.05E+12,1.12E+12,1.2E+12,1.28E+12,1.39E+12,1.5E+12,1.58E+12,1.46E+12,1.52E+12,1.61E+12,1.66E+12,1.69E+12,1.71E+12,1.66E+12,1.65E+12,1.68E+12
Rwanda,973000000,931000000,1040000000,935000000,818000000,875000000,937000000,1000000000,1070000000,1190000000,1260000000,1280000000,1280000000,1320000000,1340000000,1310000000,1570000000,1600000000,1750000000,1960000000,2130000000,2250000000,2290000000,2420000000,2320000000,2420000000,2560000000,2560000000,2670000000,2670000000,2610000000,2540000000,2690000000,2470000000,1230000000,1660000000,1870000000,2130000000,2320000000,2420000000,2630000000,2850000000,3220000000,3300000000,3540000000,3870000000,4230000000,4550000000,5060000000,5380000000,5770000000,6240000000,6780000000,7090000000,7630000000,8310000000,8810000000,9340000000
Samoa,,,,,,,,,,,,,,,,,,,,,,,347000000,349000000,353000000,367000000,387000000,389000000,383000000,398000000,380000000,371000000,371000000,386000000,376000000,401000000,430000000,433000000,442000000,452000000,483000000,517000000,539000000,563000000,589000000,614000000,626000000,666000000,672000000,640000000,643000000,680000000,683000000,670000000,678000000,689000000,738000000,756000000
San Marino,,,,,,,,,,,,,,,,,,,,,,,,,,,,,,,,,,,,,,1610000000,1730000000,1890000000,1930000000,2040000000,2050000000,2130000000,2220000000,2280000000,2360000000,2530000000,2570000000,2240000000,2140000000,1940000000,1790000000,1740000000,1720000000,1730000000,1750000000,1770000000
Sao Tome and Principe,,,,,,,,,,,,,,,,,,,,,,,,,,,,,,,,,,,,,,,,,,122000000,125000000,133000000,138000000,148000000,162000000,167000000,181000000,185000000,197000000,206000000,213000000,223000000,237000000,247000000,257000000,267000000
Saudi Arabia,,,,,,,,,76800000000,81400000000,1.29E+11,1.56E+11,1.91E+11,2.38E+11,2.76E+11,2.52E+11,2.96E+11,3.17E+11,3.01E+11,3.37E+11,3.56E+11,3.63E+11,2.87E+11,2.41E+11,2.3E+11,2.08E+11,2.43E+11,2.27E+11,2.56E+11,2.55E+11,2.94E+11,3.38E+11,3.52E+11,3.47E+11,3.49E+11,3.49E+11,3.59E+11,3.63E+11,3.73E+11,3.59E+11,3.79E+11,3.75E+11,3.64E+11,4.05E+11,4.37E+11,4.62E+11,4.74E+11,4.83E+11,5.13E+11,5.03E+11,5.28E+11,5.81E+11,6.12E+11,6.29E+11,6.52E+11,6.79E+11,6.9E+11,6.85E+11
Senegal,3460000000,3570000000,3560000000,3630000000,3770000000,3820000000,3930000000,3880000000,4130000000,3860000000,4190000000,4180000000,4450000000,4200000000,4380000000,4710000000,5130000000,4990000000,4790000000,5130000000,4960000000,5210000000,5620000000,5320000000,5520000000,5700000000,5870000000,6230000000,6200000000,6440000000,6400000000,6560000000,6640000000,6730000000,6730000000,7090000000,7230000000,7460000000,7900000000,8400000000,8670000000,9070000000,9120000000,9730000000,10300000000,10900000000,11200000000,11700000000,12100000000,12400000000,12900000000,13200000000,13800000000,14200000000,14800000000,15800000000,16800000000,18000000000
Serbia,,,,,,,,,,,,,,,,,,,,,,,,,,,,,,,,,,,,24000000000,24600000000,26400000000,27000000000,23800000000,25600000000,26900000000,28800000000,30100000000,32800000000,34600000000,36300000000,38400000000,40500000000,39200000000,39500000000,40000000000,39600000000,40600000000,39900000000,40200000000,41300000000,42100000000
Seychelles,118000000,112000000,122000000,134000000,142000000,140000000,160000000,161000000,173000000,173000000,188000000,218000000,232000000,253000000,256000000,264000000,307000000,288000000,349000000,404000000,387000000,355000000,351000000,345000000,361000000,401000000,400000000,418000000,441000000,490000000,524000000,539000000,577000000,613000000,608000000,603000000,633000000,709000000,768000000,782000000,794000000,776000000,786000000,739000000,718000000,783000000,857000000,946000000,926000000,915000000,970000000,1050000000,1060000000,1120000000,1170000000,1230000000,1290000000,1340000000
Sierra Leone,864000000,879000000,919000000,935000000,998000000,1070000000,1090000000,1090000000,1110000000,1200000000,1310000000,1350000000,1370000000,1400000000,1450000000,1470000000,1460000000,1460000000,1500000000,1570000000,1640000000,1690000000,1770000000,1730000000,1800000000,1710000000,1730000000,1850000000,1720000000,1740000000,1790000000,1840000000,1490000000,1510000000,1480000000,1360000000,1380000000,1300000000,1330000000,1300000000,1390000000,1300000000,1640000000,1790000000,1910000000,2000000000,2080000000,2250000000,2370000000,2450000000,2580000000,2740000000,3160000000,3810000000,3980000000,3160000000,3360000000,3490000000
Singapore,5580000000,6030000000,6460000000,7110000000,6850000000,7370000000,8170000000,9170000000,10400000000,11900000000,13500000000,15100000000,17200000000,19100000000,20300000000,21300000000,22800000000,24500000000,26700000000,29200000000,32100000000,35600000000,38100000000,41400000000,45000000000,44700000000,45300000000,50200000000,55700000000,61400000000,67600000000,72100000000,77200000000,86100000000,95500000000,1.02E+11,1.1E+11,1.19E+11,1.16E+11,1.24E+11,1.34E+11,1.33E+11,1.39E+11,1.45E+11,1.59E+11,1.71E+11,1.86E+11,2.03E+11,2.06E+11,2.05E+11,2.36E+11,2.51E+11,2.62E+11,2.75E+11,2.86E+11,2.92E+11,2.99E+11,3.1E+11
Slovak Republic,,,,,,,,,,,,,,,,,,,,,,,,,,,,,,,,,40700000000,41500000000,44100000000,46600000000,49800000000,52800000000,54900000000,54800000000,55500000000,57300000000,59900000000,63200000000,66500000000,71000000000,77000000000,85300000000,90100000000,85200000000,89500000000,92000000000,93500000000,94900000000,97600000000,1.01E+11,1.05E+11,1.08E+11
Slovenia,,,,,,,,,,,,,,,,,,,,,,,,,,,,,,,,,,,,30000000000,31000000000,32600000000,33700000000,35500000000,36900000000,38000000000,39500000000,40600000000,42400000000,44100000000,46600000000,49800000000,51400000000,47400000000,48000000000,48300000000,47000000000,46500000000,47900000000,49000000000,50500000000,53000000000
Solomon Islands,,,,,,,,,,,,,,,,,,,,,,,,,,,,,,,405000000,429000000,484000000,503000000,549000000,594000000,604000000,595000000,606000000,603000000,517000000,476000000,462000000,492000000,517000000,545000000,582000000,625000000,669000000,638000000,681000000,771000000,806000000,830000000,849000000,871000000,901000000,930000000
South Africa,79000000000,82100000000,87100000000,93600000000,1.01E+11,1.07E+11,1.12E+11,1.2E+11,1.25E+11,1.31E+11,1.38E+11,1.44E+11,1.46E+11,1.53E+11,1.62E+11,1.65E+11,1.68E+11,1.68E+11,1.73E+11,1.8E+11,1.92E+11,2.02E+11,2.01E+11,1.98E+11,2.08E+11,2.05E+11,2.05E+11,2.1E+11,2.18E+11,2.24E+11,2.23E+11,2.21E+11,2.16E+11,2.19E+11,2.26E+11,2.33E+11,2.43E+11,2.49E+11,2.5E+11,2.56E+11,2.67E+11,2.74E+11,2.84E+11,2.93E+11,3.06E+11,3.22E+11,3.4E+11,3.58E+11,3.7E+11,3.64E+11,3.75E+11,3.88E+11,3.96E+11,4.06E+11,4.14E+11,4.19E+11,4.21E+11,4.27E+11
South Korea,23600000000,25200000000,26200000000,28600000000,31300000000,33600000000,37600000000,41000000000,46400000000,53200000000,58500000000,64600000000,69300000000,79500000000,87100000000,93900000000,1.06E+11,1.19E+11,1.32E+11,1.43E+11,1.41E+11,1.51E+11,1.64E+11,1.85E+11,2.05E+11,2.21E+11,2.45E+11,2.76E+11,3.09E+11,3.3E+11,3.63E+11,4E+11,4.25E+11,4.54E+11,4.96E+11,5.44E+11,5.85E+11,6.2E+11,5.86E+11,6.52E+11,7.1E+11,7.42E+11,7.97E+11,8.21E+11,8.61E+11,8.95E+11,9.41E+11,9.92E+11,1.02E+12,1.03E+12,1.09E+12,1.13E+12,1.16E+12,1.19E+12,1.23E+12,1.27E+12,1.31E+12,1.35E+12
Spain,2.24E+11,2.51E+11,2.76E+11,3.02E+11,3.18E+11,3.38E+11,3.63E+11,3.78E+11,4.03E+11,4.39E+11,4.58E+11,4.79E+11,5.18E+11,5.59E+11,5.9E+11,5.93E+11,6.13E+11,6.3E+11,6.39E+11,6.4E+11,6.54E+11,6.53E+11,6.61E+11,6.73E+11,6.85E+11,7.01E+11,7.24E+11,7.64E+11,8.03E+11,8.41E+11,8.73E+11,8.95E+11,9.04E+11,8.94E+11,9.16E+11,9.41E+11,9.66E+11,1E+12,1.04E+12,1.09E+12,1.15E+12,1.2E+12,1.23E+12,1.27E+12,1.31E+12,1.36E+12,1.41E+12,1.47E+12,1.48E+12,1.43E+12,1.43E+12,1.42E+12,1.38E+12,1.35E+12,1.37E+12,1.42E+12,1.46E+12,1.51E+12
Sri Lanka,,5920000000,6150000000,6310000000,6550000000,6720000000,7060000000,7510000000,7950000000,8560000000,8890000000,9000000000,8970000000,9600000000,9970000000,10600000000,10900000000,11500000000,12100000000,12900000000,13700000000,14500000000,15100000000,15800000000,16600000000,17400000000,18200000000,18500000000,18900000000,19400000000,20600000000,21600000000,22500000000,24100000000,25400000000,26800000000,27800000000,29600000000,31000000000,32300000000,34300000000,33700000000,35100000000,37200000000,39200000000,41600000000,44800000000,47900000000,50700000000,52500000000,56700000000,61500000000,67100000000,69400000000,72800000000,76500000000,79900000000,82400000000
St. Kitts and Nevis,,,,,,,,,,,,,,,,,,178000000,186000000,200000000,216000000,219000000,220000000,222000000,242000000,262000000,290000000,309000000,338000000,357000000,374000000,366000000,382000000,409000000,431000000,455000000,482000000,515000000,512000000,529000000,586000000,618000000,634000000,611000000,633000000,688000000,701000000,700000000,744000000,721000000,705000000,722000000,718000000,762000000,808000000,840000000,858000000,873000000
St. Lucia,,,,,,,,,,,,,,,,,,374000000,413000000,428000000,419000000,446000000,455000000,477000000,512000000,554000000,632000000,659000000,748000000,816000000,897000000,902000000,973000000,979000000,996000000,1010000000,1040000000,1040000000,1100000000,1130000000,1130000000,1100000000,1100000000,1150000000,1230000000,1230000000,1300000000,1310000000,1390000000,1400000000,1380000000,1390000000,1390000000,1440000000,1440000000,1470000000,1490000000,1530000000
St. Vincent and the Grenadines,142000000,148000000,154000000,144000000,149000000,151000000,151000000,136000000,145000000,149000000,165000000,170000000,214000000,191000000,174000000,161000000,177000000,201000000,220000000,228000000,233000000,244000000,255000000,261000000,278000000,295000000,311000000,313000000,357000000,362000000,377000000,381000000,405000000,423000000,417000000,450000000,455000000,471000000,491000000,504000000,512000000,521000000,554000000,597000000,621000000,637000000,686000000,675000000,720000000,705000000,681000000,678000000,688000000,700000000,707000000,720000000,729000000,741000000
Sudan,9320000000,9320000000,9970000000,9680000000,9580000000,10200000000,9860000000,10000000000,10200000000,10300000000,11000000000,11200000000,10600000000,10700000000,11900000000,13800000000,16100000000,17100000000,16100000000,15300000000,15500000000,16700000000,17700000000,18000000000,17100000000,16000000000,16900000000,19300000000,19200000000,21000000000,19800000000,21300000000,22700000000,23700000000,24000000000,25400000000,26900000000,29800000000,31100000000,32000000000,34100000000,36300000000,38600000000,41600000000,43200000000,46400000000,51100000000,57000000000,61400000000,63400000000,65600000000,64300000000,64700000000,67500000000,69300000000,72700000000,76100000000,79400000000
Suriname,,,,,,,,,,,,,,,,2760000000,2660000000,2930000000,3150000000,2960000000,2810000000,2820000000,2760000000,2680000000,2570000000,2520000000,2430000000,2090000000,2270000000,2520000000,2510000000,2580000000,2580000000,2390000000,2470000000,2490000000,2520000000,2670000000,2710000000,2690000000,2690000000,2810000000,2930000000,3100000000,3390000000,3550000000,3680000000,3870000000,4030000000,4150000000,4370000000,4620000000,4750000000,4890000000,4900000000,4770000000,4530000000,4530000000
Swaziland,,,,,,,,,,,529000000,601000000,634000000,691000000,731000000,832000000,815000000,823000000,834000000,860000000,967000000,1110000000,1120000000,1130000000,1200000000,1250000000,1400000000,1610000000,1710000000,1940000000,2340000000,2380000000,2460000000,2540000000,2600000000,2720000000,2830000000,2920000000,2990000000,3080000000,3130000000,3170000000,3310000000,3430000000,3560000000,3770000000,4000000000,4180000000,4210000000,4280000000,4440000000,4540000000,4750000000,5060000000,5160000000,5180000000,5250000000,5350000000
Sweden,1.36E+11,1.44E+11,1.5E+11,1.58E+11,1.68E+11,1.75E+11,1.78E+11,1.84E+11,1.91E+11,2.01E+11,2.13E+11,2.15E+11,2.2E+11,2.28E+11,2.36E+11,2.42E+11,2.44E+11,2.4E+11,2.45E+11,2.54E+11,2.58E+11,2.6E+11,2.63E+11,2.68E+11,2.79E+11,2.85E+11,2.93E+11,3.03E+11,3.1E+11,3.19E+11,3.21E+11,3.17E+11,3.14E+11,3.07E+11,3.2E+11,3.33E+11,3.38E+11,3.48E+11,3.62E+11,3.79E+11,3.97E+11,4.03E+11,4.11E+11,4.21E+11,4.39E+11,4.51E+11,4.73E+11,4.89E+11,4.86E+11,4.61E+11,4.88E+11,5.01E+11,5E+11,5.06E+11,5.19E+11,5.43E+11,5.6E+11,5.73E+11
Switzerland,,,,,,,,,,,,,,,,,,,,,3.47E+11,3.52E+11,3.48E+11,3.5E+11,3.61E+11,3.74E+11,3.81E+11,3.87E+11,3.99E+11,4.17E+11,4.32E+11,4.28E+11,4.28E+11,4.27E+11,4.33E+11,4.35E+11,4.37E+11,4.48E+11,4.61E+11,4.69E+11,4.87E+11,4.94E+11,4.94E+11,4.95E+11,5.08E+11,5.24E+11,5.45E+11,5.67E+11,5.8E+11,5.67E+11,5.84E+11,5.94E+11,6E+11,6.11E+11,6.26E+11,6.33E+11,6.42E+11,6.49E+11
Tajikistan,,,,,,,,,,,,,,,,,,,,,,,,,,6240000000,6450000000,6380000000,7260000000,6790000000,6750000000,6270000000,4450000000,3720000000,2930000000,2570000000,2140000000,2170000000,2290000000,2370000000,2570000000,2830000000,3140000000,3480000000,3840000000,4100000000,4390000000,4730000000,5100000000,5300000000,5640000000,6060000000,6510000000,7000000000,7460000000,7910000000,8460000000,9060000000
Tanzania,,,,,,,,,,,,,,,,,,,,,,,,,,,,,11000000000,11400000000,12200000000,12500000000,12600000000,12700000000,12900000000,13400000000,14000000000,14500000000,15000000000,15700000000,16500000000,17500000000,18800000000,20000000000,21600000000,23400000000,24500000000,26500000000,28000000000,29500000000,31400000000,33900000000,35600000000,38200000000,40900000000,43700000000,46800000000,50100000000
Thailand,15600000000,16500000000,17700000000,19100000000,20400000000,22100000000,24600000000,26700000000,28900000000,30800000000,34300000000,35900000000,37500000000,41300000000,43200000000,45300000000,49500000000,54400000000,60000000000,63200000000,66500000000,70400000000,74200000000,78400000000,82900000000,86700000000,91500000000,1E+11,1.14E+11,1.27E+11,1.42E+11,1.54E+11,1.66E+11,1.8E+11,1.94E+11,2.1E+11,2.22E+11,2.16E+11,1.99E+11,2.08E+11,2.18E+11,2.25E+11,2.39E+11,2.56E+11,2.72E+11,2.84E+11,2.98E+11,3.14E+11,3.19E+11,3.17E+11,3.41E+11,3.44E+11,3.69E+11,3.79E+11,3.83E+11,3.94E+11,4.07E+11,4.23E+11
Timor-Leste,,,,,,,,,,,,,,,,,,,,,,,,,,,,,,,,,,,,,,,,,1170000000,1280000000,1190000000,1180000000,1930000000,2630000000,3720000000,3920000000,4310000000,4050000000,4000000000,4470000000,4690000000,4180000000,3090000000,3730000000,3770000000,3460000000
Togo,552000000,619000000,642000000,674000000,771000000,890000000,973000000,1030000000,1080000000,1200000000,1230000000,1230000000,1320000000,1370000000,1440000000,1470000000,1440000000,1540000000,1710000000,1620000000,1860000000,1800000000,1730000000,1640000000,1730000000,1830000000,1860000000,1870000000,1990000000,2070000000,2060000000,2050000000,1970000000,1670000000,1920000000,2070000000,2260000000,2580000000,2520000000,2580000000,2560000000,2520000000,2500000000,2620000000,2680000000,2710000000,2820000000,2880000000,2950000000,3050000000,3170000000,3330000000,3490000000,3630000000,3840000000,4050000000,4260000000,4500000000
Tonga,,,,,,,,,,,,,,,,,,,,,,206000000,216000000,220000000,224000000,239000000,244000000,251000000,246000000,247000000,242000000,258000000,258000000,268000000,281000000,292000000,292000000,291000000,299000000,311000000,321000000,333000000,344000000,352000000,350000000,356000000,353000000,338000000,349000000,357000000,369000000,380000000,383000000,371000000,379000000,393000000,406000000,417000000
Trinidad and Tobago,4280000000,4880000000,5010000000,5290000000,5690000000,5730000000,5970000000,6090000000,6410000000,6580000000,6810000000,6880000000,7280000000,7400000000,7680000000,7800000000,8300000000,9050000000,9960000000,10300000000,10200000000,10600000000,11000000000,9910000000,9340000000,8950000000,8660000000,8260000000,7940000000,7870000000,7990000000,8210000000,8070000000,7950000000,8240000000,8620000000,9240000000,9930000000,10700000000,11600000000,12400000000,12900000000,13900000000,16000000000,17200000000,18300000000,20700000000,21700000000,22400000000,21400000000,22200000000,22100000000,22400000000,22600000000,22500000000,22900000000,21500000000,21000000000
Tunisia,,,,,,5060000000,5230000000,5240000000,5790000000,6060000000,6350000000,7020000000,8260000000,8210000000,8870000000,9510000000,10300000000,10600000000,11300000000,12000000000,12900000000,13600000000,13600000000,14200000000,15000000000,15900000000,15600000000,16700000000,16700000000,17000000000,18300000000,19100000000,20500000000,21000000000,21700000000,22200000000,23800000000,25000000000,26200000000,27800000000,29100000000,30200000000,30600000000,32100000000,34100000000,35300000000,37100000000,39600000000,41300000000,42600000000,44100000000,43200000000,44900000000,46200000000,47600000000,48100000000,48700000000,49600000000
Turkey,87200000000,88200000000,93200000000,1.02E+11,1.07E+11,1.1E+11,1.23E+11,1.28E+11,1.37E+11,1.43E+11,1.47E+11,1.55E+11,1.67E+11,1.72E+11,1.82E+11,1.95E+11,2.16E+11,2.23E+11,2.26E+11,2.25E+11,2.19E+11,2.3E+11,2.38E+11,2.5E+11,2.67E+11,2.78E+11,2.98E+11,3.26E+11,3.33E+11,3.34E+11,3.65E+11,3.68E+11,3.86E+11,4.16E+11,3.97E+11,4.28E+11,4.59E+11,4.94E+11,5.06E+11,4.89E+11,5.21E+11,4.9E+11,5.21E+11,5.51E+11,6.04E+11,6.58E+11,7.05E+11,7.4E+11,7.47E+11,7.12E+11,7.72E+11,8.58E+11,8.99E+11,9.75E+11,1.03E+12,1.09E+12,1.12E+12,1.21E+12
Turkmenistan,,,,,,,,,,,,,,,,,,,,,,,,,,,,9510000000,10600000000,10100000000,13700000000,13000000000,11100000000,11300000000,9310000000,8640000000,9220000000,8170000000,8750000000,10200000000,10800000000,11200000000,11200000000,11600000000,12200000000,13800000000,15300000000,17000000000,19500000000,20700000000,22600000000,25900000000,28800000000,31700000000,35000000000,37300000000,39600000000,42100000000
Tuvalu,,,,,,,,,,,,,,,,,,,,,,,,,,,,,,,21400000,22200000,22800000,23800000,26200000,24900000,23400000,25800000,29800000,29300000,29000000,29500000,31800000,30700000,30300000,29200000,29800000,31700000,34200000,32700000,31800000,34200000,32900000,34400000,34900000,38100000,39200000,40500000
Uganda,,,,,,,,,,,,,,,,,,,,,,,4040000000,4270000000,4260000000,4120000000,4130000000,4300000000,4650000000,4950000000,5270000000,5560000000,5750000000,6230000000,6630000000,7390000000,8060000000,8480000000,8890000000,9610000000,9910000000,10400000000,11300000000,12100000000,12900000000,13700000000,15200000000,16500000000,17900000000,19100000000,20200000000,22100000000,22900000000,23800000000,25000000000,26300000000,27500000000,28600000000
Ukraine,,,,,,,,,,,,,,,,,,,,,,,,,,,,2.06E+11,2.12E+11,2.2E+11,2.06E+11,1.88E+11,1.7E+11,1.46E+11,1.12E+11,98800000000,88900000000,86200000000,84600000000,84400000000,89400000000,97600000000,1.03E+11,1.12E+11,1.26E+11,1.29E+11,1.39E+11,1.5E+11,1.53E+11,1.31E+11,1.36E+11,1.43E+11,1.44E+11,1.44E+11,1.34E+11,1.21E+11,1.24E+11,1.27E+11
United Arab Emirates,,,,,,,,,,,,,,,,56800000000,66200000000,80400000000,79100000000,95700000000,1.19E+11,1.24E+11,1.16E+11,1.1E+11,1.15E+11,1.11E+11,94000000000,97200000000,94600000000,1.06E+11,1.26E+11,1.27E+11,1.31E+11,1.33E+11,1.42E+11,1.51E+11,1.6E+11,1.73E+11,1.74E+11,1.79E+11,1.98E+11,2.01E+11,2.06E+11,2.24E+11,2.45E+11,2.57E+11,2.83E+11,2.92E+11,3.01E+11,2.85E+11,2.9E+11,3.1E+11,3.24E+11,3.4E+11,3.55E+11,3.73E+11,3.84E+11,3.87E+11
United Kingdom,7.25E+11,7.43E+11,7.53E+11,7.83E+11,8.22E+11,8.45E+11,8.63E+11,8.83E+11,9.18E+11,9.37E+11,9.98E+11,1.03E+12,1.08E+12,1.15E+12,1.12E+12,1.1E+12,1.13E+12,1.16E+12,1.21E+12,1.26E+12,1.23E+12,1.22E+12,1.25E+12,1.3E+12,1.33E+12,1.38E+12,1.43E+12,1.5E+12,1.59E+12,1.63E+12,1.64E+12,1.62E+12,1.63E+12,1.67E+12,1.74E+12,1.78E+12,1.82E+12,1.9E+12,1.96E+12,2.02E+12,2.1E+12,2.15E+12,2.2E+12,2.27E+12,2.33E+12,2.4E+12,2.46E+12,2.52E+12,2.51E+12,2.4E+12,2.44E+12,2.48E+12,2.51E+12,2.56E+12,2.64E+12,2.71E+12,2.76E+12,2.81E+12
United States,3.08E+12,3.15E+12,3.34E+12,3.49E+12,3.69E+12,3.93E+12,4.18E+12,4.29E+12,4.49E+12,4.63E+12,4.78E+12,4.94E+12,5.2E+12,5.49E+12,5.46E+12,5.45E+12,5.74E+12,6.01E+12,6.34E+12,6.55E+12,6.53E+12,6.7E+12,6.57E+12,6.87E+12,7.37E+12,7.69E+12,7.96E+12,8.23E+12,8.58E+12,8.89E+12,9.06E+12,9.06E+12,9.38E+12,9.64E+12,1E+13,1.03E+13,1.07E+13,1.12E+13,1.17E+13,1.22E+13,1.27E+13,1.28E+13,1.31E+13,1.34E+13,1.39E+13,1.44E+13,1.48E+13,1.51E+13,1.5E+13,1.46E+13,1.5E+13,1.52E+13,1.55E+13,1.58E+13,1.62E+13,1.67E+13,1.69E+13,1.73E+13
Uruguay,13900000000,14200000000,14000000000,14000000000,14400000000,14500000000,15000000000,14400000000,14700000000,15600000000,15900000000,15900000000,15700000000,15700000000,16200000000,17200000000,17800000000,18100000000,19100000000,20300000000,21400000000,21800000000,19700000000,17600000000,17400000000,17700000000,19200000000,20800000000,21100000000,21300000000,21400000000,22100000000,23900000000,24500000000,26300000000,25900000000,27400000000,29700000000,31100000000,30500000000,29900000000,28700000000,26500000000,26700000000,28100000000,30200000000,31400000000,33400000000,35800000000,37400000000,40300000000,42400000000,43900000000,45900000000,47400000000,47600000000,48400000000,49600000000
Uzbekistan,,,,,,,,,,,,,,,,,,,,,,,,,,,,17900000000,19500000000,20100000000,20500000000,20400000000,18100000000,17700000000,16700000000,16600000000,16900000000,17800000000,18500000000,19300000000,20000000000,20900000000,21700000000,22600000000,24400000000,26100000000,28000000000,30800000000,33500000000,36300000000,39300000000,42600000000,46100000000,49800000000,53700000000,57900000000,62500000000,65800000000
Vanuatu,,,,,,,,,,,,,,,,,,,,270000000,239000000,249000000,276000000,314000000,344000000,348000000,347000000,337000000,332000000,337000000,376000000,388000000,398000000,401000000,437000000,442000000,452000000,474000000,495000000,496000000,526000000,507000000,481000000,502000000,522000000,550000000,596000000,627000000,667000000,690000000,701000000,709000000,722000000,736000000,753000000,747000000,777000000,812000000
Venezuela,1.01E+11,1.05E+11,1.14E+11,1.18E+11,1.31E+11,1.37E+11,1.39E+11,1.43E+11,1.53E+11,1.54E+11,1.66E+11,1.69E+11,1.71E+11,1.83E+11,1.87E+11,1.92E+11,2.07E+11,2.2E+11,2.25E+11,2.27E+11,2.17E+11,2.16E+11,2.11E+11,2.03E+11,2.06E+11,2.07E+11,2.2E+11,2.28E+11,2.41E+11,2.21E+11,2.35E+11,2.58E+11,2.73E+11,2.74E+11,2.68E+11,2.78E+11,2.78E+11,2.96E+11,2.96E+11,2.79E+11,2.89E+11,2.99E+11,2.72E+11,2.51E+11,2.97E+11,3.28E+11,3.6E+11,3.92E+11,4.12E+11,3.99E+11,3.93E+11,4.1E+11,4.33E+11,4.38E+11,4.21E+11,,,
Vietnam,,,,,,,,,,,,,,,,,,,,,,,,,22500000000,23300000000,24000000000,24800000000,26100000000,28000000000,29500000000,31200000000,33900000000,36700000000,39900000000,43700000000,47800000000,51700000000,54700000000,57300000000,61100000000,64900000000,69000000000,73800000000,79400000000,85400000000,91300000000,97800000000,1.03E+11,1.09E+11,1.16E+11,1.23E+11,1.3E+11,1.37E+11,1.45E+11,1.55E+11,1.64E+11,1.75E+11
Yemen,,,,,,,,,,,,,,,,,,,,,,,,,,,,,,,11700000000,12500000000,13500000000,14000000000,15000000000,15800000000,16600000000,17400000000,18500000000,19200000000,20300000000,21100000000,22000000000,22800000000,23700000000,25000000000,25800000000,26700000000,27600000000,28700000000,30900000000,27000000000,27600000000,29000000000,28900000000,18200000000,11900000000,
Zambia,4590000000,4660000000,4540000000,4690000000,5260000000,6140000000,5790000000,6250000000,6330000000,6300000000,6610000000,6600000000,7210000000,7140000000,7600000000,7430000000,7890000000,7530000000,7570000000,7340000000,7560000000,8030000000,7800000000,7650000000,7620000000,7750000000,7800000000,8010000000,8520000000,8430000000,8390000000,8390000000,8240000000,8800000000,8040000000,8270000000,8790000000,9120000000,9090000000,9510000000,9880000000,10400000000,10900000000,11600000000,12400000000,13400000000,14400000000,15600000000,16800000000,18400000000,20300000000,21400000000,23000000000,24200000000,25300000000,26100000000,27000000000,28100000000
Zimbabwe,3360000000,3580000000,3630000000,3850000000,3810000000,4000000000,4060000000,4400000000,4490000000,5040000000,6180000000,6730000000,7290000000,7480000000,7980000000,7820000000,7860000000,7320000000,7120000000,7360000000,8420000000,9470000000,9720000000,9880000000,9690000000,10400000000,10600000000,10700000000,11500000000,12100000000,13000000000,13700000000,12400000000,12600000000,13700000000,13800000000,15200000000,15600000000,16000000000,15900000000,15400000000,15600000000,14200000000,11800000000,11100000000,10500000000,10100000000,9770000000,8040000000,9010000000,10100000000,11700000000,13400000000,14200000000,14500000000,14700000000,14800000000,15300000000
